model,split,flows,unknown,temperature,n_known,n_unknown,accuracy,macro_f1,auroc_msp,fpr95_msp,oscr_msp,auroc_energy,fpr95_energy,oscr_energy,ece,nll,brier,aurc,ece_ts,nll_ts,start,condition,seed,weeks_since
teacherA_0,val,all,all,1.278234194612443,200000,53779,0.970445,0.9576838165203811,0.9000088018092564,0.5823090797523197,0.8923223302776175,0.8205658405697391,0.6071700849774075,0.8103776535450641,0.0068820833534002,0.10350945591926575,0.04266181026409247,0.001106491141971484,0.001563037175349874,0.0989047959446907,11,teacherA_member,0,1.0
teacherA_0,val,all,near,1.278234194612443,200000,10959,0.970445,0.9576838165203811,0.8748400570307511,0.5600875992335067,0.8673083214709372,0.8118126418925085,0.5950360434346199,0.8014266698603888,0.0068820833534002,0.10350945591926575,0.04266181026409247,0.001106491141971484,0.001563037175349874,0.0989047959446907,11,teacherA_member,0,1.0
teacherA_0,val,all,far,1.278234194612443,200000,42820,0.970445,0.9576838165203811,0.9064502841546007,0.5879962634283046,0.8987242107659972,0.822806062529192,0.6102755721625409,0.8126684949789817,0.0068820833534002,0.10350945591926575,0.04266181026409247,0.001106491141971484,0.001563037175349874,0.0989047959446907,11,teacherA_member,0,1.0
teacherA_0,val,ge5,all,1.278234194612443,191366,52270,0.9760824806914499,0.9658891509432183,0.9110917575659332,0.5256935144442318,0.9047905008719436,0.8310522308513871,0.5508896116319112,0.8221491192215823,0.005559083653236058,0.08270235359668732,0.0348820041875905,0.000783312430860486,0.0012830851167157072,0.07884235680103302,11,teacherA_member,0,1.0
teacherA_0,val,ge5,near,1.278234194612443,191366,10483,0.9760824806914499,0.9658891509432183,0.8829613190422227,0.5095869503004865,0.8770660567116455,0.8195802378990039,0.5322903748926834,0.8105033761853903,0.005559083653236058,0.08270235359668732,0.0348820041875905,0.000783312430860486,0.0012830851167157072,0.07884235680103302,11,teacherA_member,0,1.0
teacherA_0,val,ge5,far,1.278234194612443,191366,41787,0.9760824806914499,0.9658891509432183,0.918148770202496,0.5297341278388016,0.9117456627197048,0.8339301809822852,0.5555555555555556,0.8250706576007052,0.005559083653236058,0.08270235359668732,0.0348820041875905,0.000783312430860486,0.0012830851167157072,0.07884235680103302,11,teacherA_member,0,1.0
teacherA_1,val,all,all,1.295048967651576,200000,53779,0.97036,0.9575824560668281,0.903802389733911,0.5752059354022946,0.8956059600401644,0.8423255215325686,0.593596013313747,0.8317479765335912,0.007459077380448541,0.10536789894104004,0.04288762398096882,0.0011468686727328173,0.001911661410666969,0.09998607635498047,11,teacherA_member,1,1.0
teacherA_1,val,all,near,1.295048967651576,200000,10959,0.97036,0.9575824560668281,0.8717544529610366,0.5721324938406789,0.8639618049092069,0.8134708965234053,0.5923898165891048,0.8031191303951091,0.007459077380448541,0.10536789894104004,0.04288762398096882,0.0011468686727328173,0.001911661410666969,0.09998607635498047,11,teacherA_member,1,1.0
teacherA_1,val,all,far,1.295048967651576,200000,42820,0.97036,0.9575824560668281,0.9120044761209716,0.5759925268566091,0.9037047058617468,0.8497103378678188,0.5939047174217655,0.8390750088743577,0.007459077380448541,0.10536789894104004,0.04288762398096882,0.0011468686727328173,0.001911661410666969,0.09998607635498047,11,teacherA_member,1,1.0
teacherA_1,val,ge5,all,1.295048967651576,191366,52270,0.9759413897975607,0.9656069950403194,0.914808345232503,0.5103118423569926,0.9080096601349713,0.8534748759985405,0.5342835278362349,0.8441729086924744,0.006157048805172517,0.08461922407150269,0.035121029707316426,0.0008236366588640237,0.0014273678597962053,0.08004366606473923,11,teacherA_member,1,1.0
teacherA_1,val,ge5,near,1.295048967651576,191366,10483,0.9759413897975607,0.9656069950403194,0.8799690362112996,0.5230372984832586,0.8736939962614175,0.822007812703186,0.5202709148144615,0.8128418333429144,0.006157048805172517,0.08461922407150269,0.035121029707316426,0.0008236366588640237,0.0014273678597962053,0.08004366606473923,11,teacherA_member,1,1.0
teacherA_1,val,ge5,far,1.295048967651576,191366,41787,0.9759413897975607,0.9656069950403194,0.9235483954028734,0.5071194390599947,0.9166183447590522,0.8613689393322377,0.5377988369588628,0.8520328570709041,0.006157048805172517,0.08461922407150269,0.035121029707316426,0.0008236366588640237,0.0014273678597962053,0.08004366606473923,11,teacherA_member,1,1.0
teacherA_2,val,all,all,1.2952232464265883,200000,53779,0.97086,0.9583947734621043,0.9013277825452314,0.5951579612860038,0.8938595846891911,0.8388125509027686,0.6126740921177412,0.8286862021421,0.006963553896620874,0.10412248969078064,0.04216983232858513,0.001105600026103594,0.0018509811495244274,0.09891478717327118,11,teacherA_member,2,1.0
teacherA_2,val,all,near,1.2952232464265883,200000,10959,0.97086,0.9583947734621043,0.8855185778811935,0.5839948900447121,0.8779667319098458,0.8202150645588101,0.5939410530157861,0.8100664572497491,0.006963553896620874,0.10412248969078064,0.04216983232858513,0.001105600026103594,0.0018509811495244274,0.09891478717327118,11,teacherA_member,2,1.0
teacherA_2,val,all,far,1.2952232464265883,200000,42820,0.97086,0.9583947734621043,0.9053738608710883,0.5980149462867819,0.897927071228398,0.8435722391989725,0.6174684726763194,0.8334515871088277,0.006963553896620874,0.10412248969078064,0.04216983232858513,0.001105600026103594,0.0018509811495244274,0.09891478717327118,11,teacherA_member,2,1.0
teacherA_2,val,ge5,all,1.2952232464265883,191366,52270,0.9762444739399894,0.9657620323953592,0.91263084633576,0.5340730820738473,0.9063988476864191,0.850140168293067,0.5482494738855941,0.8411715091164748,0.005882629124579546,0.08401425182819366,0.034739518055810104,0.0007964546102068601,0.0010964296992633368,0.07942058145999908,11,teacherA_member,2,1.0
teacherA_2,val,ge5,near,1.2952232464265883,191366,10483,0.9762444739399894,0.9657620323953592,0.8947243947822958,0.5344844033196604,0.888540145385258,0.8286781652201809,0.5358198988839072,0.8196801010767126,0.005882629124579546,0.08401425182819366,0.034739518055810104,0.0007964546102068601,0.0010964296992633368,0.07942058145999908,11,teacherA_member,2,1.0
teacherA_2,val,ge5,far,1.2952232464265883,191366,41787,0.9762444739399894,0.9657620323953592,0.9171229929755036,0.5339698949434034,0.9108790155908647,0.8555242872346773,0.5513676502261469,0.8465630048084563,0.005882629124579546,0.08401425182819366,0.034739518055810104,0.0007964546102068601,0.0010964296992633368,0.07942058145999908,11,teacherA_member,2,1.0
teacherA_3,val,all,all,1.2918790117432906,200000,53779,0.97087,0.9584062929178994,0.8795594205451943,0.6057011100987374,0.8725251603785864,0.7977921709682219,0.6260808122129455,0.788187856133435,0.006951180295571658,0.10457327216863632,0.042354594689288955,0.0011142215046993976,0.0017565320152789366,0.09932351857423782,11,teacherA_member,3,1.0
teacherA_3,val,all,near,1.2918790117432906,200000,10959,0.97087,0.9584062929178994,0.8579418637649421,0.600875992335067,0.8513016155671136,0.7925315252304042,0.624692033944703,0.7830126617392098,0.006951180295571658,0.10457327216863632,0.042354594689288955,0.0011142215046993976,0.0017565320152789366,0.09932351857423782,11,teacherA_member,3,1.0
teacherA_3,val,all,far,1.2918790117432906,200000,42820,0.97087,0.9584062929178994,0.885092040927137,0.6069360112097151,0.8779569405651566,0.7991385375408687,0.626436244745446,0.7895123529892574,0.006951180295571658,0.10457327216863632,0.042354594689288955,0.0011142215046993976,0.0017565320152789366,0.09932351857423782,11,teacherA_member,3,1.0
teacherA_3,val,ge5,all,1.2918790117432906,191366,52270,0.9762862786492899,0.9661115605996295,0.890618821687401,0.5493017026975321,0.8848683100970722,0.8075904383092406,0.5666539123780371,0.7991139789983243,0.005857283624681747,0.0838763490319252,0.03465516829176933,0.0007973887630021796,0.0011170987444441593,0.07934704422950745,11,teacherA_member,3,1.0
teacherA_3,val,ge5,near,1.2918790117432906,191366,10483,0.9762862786492899,0.9661115605996295,0.8663569634618815,0.5490794619860727,0.8611414698111283,0.8004139887502083,0.568062577506439,0.7919618655272366,0.005857283624681747,0.0838763490319252,0.03465516829176933,0.0007973887630021796,0.0011170987444441593,0.07934704422950745,11,teacherA_member,3,1.0
teacherA_3,val,ge5,far,1.2918790117432906,191366,41787,0.9762862786492899,0.9661115605996295,0.8967053332766063,0.5493574556680307,0.8908206030761701,0.8093907762307792,0.5663005240864384,0.8009082117864499,0.005857283624681747,0.0838763490319252,0.03465516829176933,0.0007973887630021796,0.0011170987444441593,0.07934704422950745,11,teacherA_member,3,1.0
teacherA_4,val,all,all,1.2965102575076488,200000,53779,0.97056,0.9584688539008243,0.8921690613901336,0.5740158798043846,0.8844173442235816,0.8080562051172392,0.6181595046393573,0.798189774633221,0.007592096417546247,0.10420850664377213,0.04243264471879989,0.0011321200084428707,0.001499834051206727,0.0987263023853302,11,teacherA_member,4,1.0
teacherA_4,val,all,near,1.2965102575076488,200000,10959,0.97056,0.9584688539008243,0.8769461337713295,0.5735924810657906,0.869392730632357,0.8368511536180309,0.5966785290628707,0.8264860416096359,0.007592096417546247,0.10420850664377213,0.04243264471879989,0.0011321200084428707,0.001499834051206727,0.0987263023853302,11,teacherA_member,4,1.0
teacherA_4,val,all,far,1.2965102575076488,200000,42820,0.97056,0.9584688539008243,0.896065092772069,0.5741242410088744,0.8882626207379728,0.8006866618986456,0.6236571695469407,0.7909478598785614,0.007592096417546247,0.10420850664377213,0.04243264471879989,0.0011321200084428707,0.001499834051206727,0.0987263023853302,11,teacherA_member,4,1.0
teacherA_4,val,ge5,all,1.2965102575076488,191366,52270,0.9759675177408735,0.9662566625403883,0.9029885231037031,0.517696575473503,0.8965607511792002,0.8186289958435445,0.5694471015879089,0.8099648468742264,0.006428893095867023,0.08392461389303207,0.034964196063593946,0.0008208413385842342,0.0008456041469364857,0.07914431393146515,11,teacherA_member,4,1.0
teacherA_4,val,ge5,near,1.2965102575076488,191366,10483,0.9759675177408735,0.9662566625403883,0.8853195170909245,0.5299055613850997,0.8792457238671001,0.8463480974877885,0.5357245063436039,0.8371797017351633,0.006428893095867023,0.08392461389303207,0.034964196063593946,0.0008208413385842342,0.0008456041469364857,0.07914431393146515,11,teacherA_member,4,1.0
teacherA_4,val,ge5,far,1.2965102575076488,191366,41787,0.9759675177408735,0.9662566625403883,0.907421102375533,0.5146337377653337,0.9009045287012223,0.8116751742594008,0.5779070045707996,0.8031375244173091,0.006428893095867023,0.08392461389303207,0.034964196063593946,0.0008208413385842342,0.0008456041469364857,0.07914431393146515,11,teacherA_member,4,1.0
teacherA,val,all,all,1.065888886650108,200000,53779,0.97368,0.9638540619028597,0.9158339464753901,0.5021476784618532,0.908117000688001,0.837440381050224,0.6012012123691404,0.8284957951988694,0.0014406953948736035,0.08640236407518387,0.03725492530648836,0.0008575740635622637,0.0023125774230063237,0.08614907413721085,11,teacherA,,1.0
teacherA,val,all,near,1.065888886650108,200000,10959,0.97368,0.9638540619028597,0.8893272472397117,0.5146454968519025,0.8819479797426772,0.8279235794780546,0.5866411168902272,0.8188091080390547,0.0014406953948736035,0.08640236407518387,0.03725492530648836,0.0008575740635622637,0.0023125774230063237,0.08614907413721085,11,teacherA,,1.0
teacherA,val,all,far,1.065888886650108,200000,42820,0.97368,0.9638540619028597,0.9226178539234002,0.49894908921064923,0.9148144855207847,0.8398760332788416,0.6049276039234003,0.8309749265530125,0.0014406953948736035,0.08640236407518387,0.03725492530648836,0.0008575740635622637,0.0023125774230063237,0.08614907413721085,11,teacherA,,1.0
teacherA,val,ge5,all,1.065888886650108,191366,52270,0.9790035847538225,0.9715278430581625,0.9253723988717678,0.45169313181557297,0.9191431085909455,0.8492320345136544,0.5338243734455711,0.8413929320141357,0.0013521840418821555,0.0677017793059349,0.030004337820762218,0.0005895902141920957,0.0023652515390427675,0.06761553138494492,11,teacherA,,1.0
teacherA,val,ge5,near,1.065888886650108,191366,10483,0.9790035847538225,0.9715278430581625,0.8972682732048693,0.47667652389583137,0.8913606243399143,0.8371222798284952,0.5129256892111037,0.8290968630816681,0.0013521840418821555,0.0677017793059349,0.030004337820762218,0.0005895902141920957,0.0023652515390427675,0.06761553138494492,11,teacherA,,1.0
teacherA,val,ge5,far,1.065888886650108,191366,41787,0.9790035847538225,0.9715278430581625,0.9324228104678647,0.4454256108359059,0.9261128308108599,0.8522699783326537,0.5390671740014837,0.8444776160215797,0.0013521840418821555,0.0677017793059349,0.030004337820762218,0.0005895902141920957,0.0023652515390427675,0.06761553138494492,11,teacherA,,1.0
teacherB,val,all,all,1.4075419166759908,200000,53779,0.973785,0.9620001887686349,0.9018319085981518,0.5804124286431507,0.8967723521262947,0.8367802816619869,0.5902303873259079,0.828219536064263,0.007960511997714616,0.09651657938957214,0.038595786754934136,0.0009148578895352854,0.001558734053969345,0.08831613510847092,11,teacherB,,1.0
teacherB,val,all,near,1.4075419166759908,200000,10959,0.973785,0.9620001887686349,0.8592135064786933,0.5721324938406789,0.8589162829637741,0.8305916237795419,0.5655625513276759,0.8218254457523497,0.007960511997714616,0.09651657938957214,0.038595786754934136,0.0009148578895352854,0.001558734053969345,0.08831613510847092,11,teacherB,,1.0
teacherB,val,all,far,1.4075419166759908,200000,42820,0.973785,0.9620001887686349,0.912739313288183,0.5825315273236805,0.906460924334423,0.8383641560602522,0.5965436711816908,0.8298559871555348,0.007960511997714616,0.09651657938957214,0.038595786754934136,0.0009148578895352854,0.001558734053969345,0.08831613510847092,11,teacherB,,1.0
teacherB,val,ge5,all,1.4075419166759908,191366,52270,0.9790349382857979,0.9699780572118218,0.9131719158026362,0.5051846183279127,0.9094495741401171,0.8477536569468245,0.5432753013200688,0.8404238041581255,0.006496904037393147,0.07613786309957504,0.03113448354194149,0.0006301341996585101,0.0012202642118055345,0.06924304366111755,11,teacherB,,1.0
teacherB,val,ge5,near,1.4075419166759908,191366,10483,0.9790349382857979,0.9699780572118218,0.8672414328507685,0.5165506057426309,0.8688174154088133,0.8387115626387485,0.5156920728799008,0.8312190537466564,0.006496904037393147,0.07613786309957504,0.03113448354194149,0.0006301341996585101,0.0012202642118055345,0.06924304366111755,11,teacherB,,1.0
teacherB,val,ge5,far,1.4075419166759908,191366,41787,0.9790349382857979,0.9699780572118218,0.9246943809900013,0.5023332615406706,0.9196428620042916,0.85002202449251,0.5501950367339125,0.8427329768329628,0.006496904037393147,0.07613786309957504,0.03113448354194149,0.0006301341996585101,0.0012202642118055345,0.06924304366111755,11,teacherB,,1.0
student_direct_s0,val,all,all,1.0155265478297837,200000,53779,0.932745,0.9015365245874373,0.8540272993640641,0.7197605013109206,0.83168702049127,0.8297331856765653,0.7559456293348705,0.8029050711244167,0.005253383441343861,0.2418796420097351,0.09562896121129455,0.005178835692877425,0.006356196154355986,0.24186095595359802,11,direct,0,1.0
student_direct_s0,val,all,near,1.0155265478297837,200000,10959,0.932745,0.9015365245874373,0.8362385616844603,0.7049913313258509,0.8138960051099553,0.7536447784925631,0.7572771238251665,0.7305224322474678,0.005253383441343861,0.2418796420097351,0.09562896121129455,0.005178835692877425,0.006356196154355986,0.24186095595359802,11,direct,0,1.0
student_direct_s0,val,all,far,1.0155265478297837,200000,42820,0.932745,0.9015365245874373,0.8585800031527323,0.7235404016814573,0.836240307216254,0.8492066292620271,0.7556048575432041,0.8214300907286315,0.005253383441343861,0.2418796420097351,0.09562896121129455,0.005178835692877425,0.006356196154355986,0.24186095595359802,11,direct,0,1.0
student_direct_s0,val,ge5,all,1.0155265478297837,191366,52270,0.9422938243993186,0.9125949920216292,0.8663308100921489,0.6758561316242586,0.8466049816333505,0.8457471530174188,0.7060072699445188,0.821201259521426,0.004959781838422954,0.20317456126213074,0.08241931532122809,0.00400236411874446,0.005803281224528739,0.20318925380706787,11,direct,0,1.0
student_direct_s0,val,ge5,near,1.0155265478297837,191366,10483,0.9422938243993186,0.9125949920216292,0.8462618710377576,0.6715634837355718,0.8266318328251807,0.7663641736576359,0.7224077077172565,0.7452592448232893,0.004959781838422954,0.20317456126213074,0.08241931532122809,0.00400236411874446,0.005803281224528739,0.20318925380706787,11,direct,0,1.0
student_direct_s0,val,ge5,far,1.0155265478297837,191366,41787,0.9422938243993186,0.9125949920216292,0.8713654545535165,0.6769330174456171,0.8516155954356345,0.8656617621692747,0.7018929332088927,0.8402526424893483,0.004959781838422954,0.20317456126213074,0.08241931532122809,0.00400236411874446,0.005803281224528739,0.20318925380706787,11,direct,0,1.0
student_directTS_s0,val,all,all,,200000,53779,0.932745,0.9015365245874373,0.8540772981554139,0.7190539057996616,0.8317385984306143,0.8295889908700423,0.7560757916658919,0.8027405099574182,0.006356196154355986,0.24186095595359802,0.09567680548739571,0.005177656712719611,,,11,directTS,0,1.0
student_directTS_s0,val,all,near,,200000,10959,0.932745,0.9015365245874373,0.8361967857468747,0.7033488456976001,0.813863084223013,0.753422854503148,0.7574596222283055,0.7302882662651703,0.006356196154355986,0.24186095595359802,0.09567680548739571,0.005177656712719611,,,11,directTS,0,1.0
student_directTS_s0,val,all,far,,200000,42820,0.932745,0.9015365245874373,0.8586534900163474,0.7230733302195236,0.8363135110929472,0.8490823278257824,0.7557216254086875,0.8212833436478281,0.006356196154355986,0.24186095595359802,0.09567680548739571,0.005177656712719611,,,11,directTS,0,1.0
student_directTS_s0,val,ge5,all,,191366,52270,0.9422938243993186,0.9125949920216292,0.866435206396586,0.6759135259230916,0.846696238986382,0.8456027549667332,0.7064281614692941,0.8210407050842894,0.005803281224528739,0.20318925380706787,0.08246024720211659,0.004001274037435661,,,11,directTS,0,1.0
student_directTS_s0,val,ge5,near,,191366,10483,0.9422938243993186,0.9125949920216292,0.846277929142611,0.6709911284937518,0.8266410871467986,0.7661463456696802,0.7227892778784699,0.7450314439516574,0.005803281224528739,0.20318925380706787,0.08246024720211659,0.004001274037435661,,,11,directTS,0,1.0
student_directTS_s0,val,ge5,far,,191366,41787,0.9422938243993186,0.9125949920216292,0.8714920120407678,0.6771483954339866,0.8517274246837125,0.8655357853029861,0.7023236891856319,0.8401089579967594,0.005803281224528739,0.20318925380706787,0.08246024720211659,0.004001274037435661,,,11,directTS,0,1.0
student_ls_s0,val,all,all,0.6679381260192696,200000,53779,0.925015,0.8876290325582783,0.8327033221610666,0.6463861358522843,0.8011736482641925,0.816142560014132,0.655199985124305,0.7807301543353354,0.1162537825950608,0.38736265897750854,0.1251043153631837,0.007395451822165822,0.0076518313025683345,0.28295019268989563,11,ls,0,1.0
student_ls_s0,val,all,near,0.6679381260192696,200000,10959,0.925015,0.8876290325582783,0.8259708810110411,0.7141162514827996,0.7979245651975544,0.803322614061502,0.7397572771238252,0.7717602874349849,0.1162537825950608,0.38736265897750854,0.1251043153631837,0.007395451822165822,0.0076518313025683345,0.28295019268989563,11,ls,0,1.0
student_ls_s0,val,all,far,0.6679381260192696,200000,42820,0.925015,0.8876290325582783,0.834426367993928,0.6290518449322746,0.8020051919663709,0.8194235919546942,0.6335590845399346,0.7830258285847735,0.1162537825950608,0.38736265897750854,0.1251043153631837,0.007395451822165822,0.0076518313025683345,0.28295019268989563,11,ls,0,1.0
student_ls_s0,val,ge5,all,0.6679381260192696,191366,52270,0.9351347679316075,0.8985848827138893,0.8396078848732377,0.6106562081499904,0.8121367160914447,0.8228731553724506,0.6182513870288885,0.791592738450014,0.11682372917600112,0.34751129150390625,0.11160597141173483,0.006002357754689048,0.005412682268498423,0.23903340101242065,11,ls,0,1.0
student_ls_s0,val,ge5,near,0.6679381260192696,191366,10483,0.9351347679316075,0.8985848827138893,0.8327633605039984,0.6813889153868168,0.8082530516737421,0.8124201266430061,0.7039015548984069,0.7840954090141423,0.11682372917600112,0.34751129150390625,0.11160597141173483,0.006002357754689048,0.005412682268498423,0.23903340101242065,11,ls,0,1.0
student_ls_s0,val,ge5,far,0.6679381260192696,191366,41787,0.9351347679316075,0.8985848827138893,0.8413249535539933,0.5929116710938809,0.8131110012540735,0.8254954805015762,0.5967645439969368,0.793473574702347,0.11682372917600112,0.34751129150390625,0.11160597141173483,0.006002357754689048,0.005412682268498423,0.23903340101242065,11,ls,0,1.0
student_kdA_s0,val,all,all,1.7466481395534976,200000,53779,0.920355,0.8820551558924561,0.8098625205935402,0.7896018892132617,0.7864163416947136,0.7574472197326094,0.7639599100020454,0.7297332057122669,0.040597574374377686,0.35070639848709106,0.12092111896068689,0.006969205885195709,0.0058139898473396675,0.28064876794815063,11,kdA,0,1.0
student_kdA_s0,val,all,near,1.7466481395534976,200000,10959,0.920355,0.8820551558924561,0.8258311828177753,0.7661282963774066,0.8000587653983027,0.7787614773245735,0.7867506159321106,0.7517724199288256,0.040597574374377686,0.35070639848709106,0.12092111896068689,0.006969205885195709,0.0058139898473396675,0.28064876794815063,11,kdA,0,1.0
student_kdA_s0,val,all,far,1.7466481395534976,200000,42820,0.920355,0.8820551558924561,0.8057756320060718,0.7956095282578235,0.7829248115366652,0.7519922232601589,0.7581270434376459,0.7240926697804765,0.040597574374377686,0.35070639848709106,0.12092111896068689,0.006969205885195709,0.0058139898473396675,0.28064876794815063,11,kdA,0,1.0
student_kdA_s0,val,ge5,all,1.7466481395534976,191366,52270,0.9325533271323014,0.8948855700394327,0.8213176411888325,0.7567820929787641,0.8013664448478425,0.7690204345230032,0.7080543332695619,0.7439340189123042,0.034728332930553676,0.2918694317340851,0.10309516362726244,0.005289555688317536,0.0054580581223802795,0.23299932479858398,11,kdA,0,1.0
student_kdA_s0,val,ge5,near,1.7466481395534976,191366,10483,0.9325533271323014,0.8948855700394327,0.8351446357850889,0.7361442335209387,0.8134747601510386,0.79116413079096,0.7319469617475913,0.7665964633612724,0.034728332930553676,0.2918694317340851,0.10309516362726244,0.005289555688317536,0.0054580581223802795,0.23299932479858398,11,kdA,0,1.0
student_kdA_s0,val,ge5,far,1.7466481395534976,191366,41787,0.9325533271323014,0.8948855700394327,0.8178488976955798,0.7619594610764113,0.7983288621229904,0.7634653009174083,0.702060449422069,0.7382487482501715,0.034728332930553676,0.2918694317340851,0.10309516362726244,0.005289555688317536,0.0054580581223802795,0.23299932479858398,11,kdA,0,1.0
student_kdB_s0,val,all,all,1.9843418563894897,200000,53779,0.920855,0.8832071006010568,0.8173108844065528,0.7792074973502668,0.7971729139626991,0.7749412676881311,0.7591810929916882,0.747648511686718,0.04547564871672541,0.39704230427742004,0.12376759214495034,0.007084480626922456,0.006178144555054563,0.286903440952301,11,kdB,0,1.0
student_kdB_s0,val,all,near,1.9843418563894897,200000,10959,0.920855,0.8832071006010568,0.8234581218633086,0.7665845423852541,0.8024116675791587,0.7878538863034948,0.7613833378957934,0.7607930089424216,0.04547564871672541,0.39704230427742004,0.12376759214495034,0.007084480626922456,0.006178144555054563,0.286903440952301,11,kdB,0,1.0
student_kdB_s0,val,all,far,1.9843418563894897,200000,42820,0.920855,0.8832071006010568,0.8157376108127042,0.7824381130312937,0.7958321502802429,0.7716365178654835,0.7586174684726763,0.7442844167445118,0.04547564871672541,0.39704230427742004,0.12376759214495034,0.007084480626922456,0.006178144555054563,0.286903440952301,11,kdB,0,1.0
student_kdB_s0,val,ge5,all,1.9843418563894897,191366,52270,0.9329243439273435,0.8960003032253422,0.8282954531574203,0.7422039410751865,0.8119650060672312,0.7875784988738671,0.7114979911995408,0.7626990049273511,0.03888234293116488,0.3329789936542511,0.10569380988264626,0.005459716253033829,0.006032739154654321,0.23891489207744598,11,kdB,0,1.0
student_kdB_s0,val,ge5,near,1.9843418563894897,191366,10483,0.9329243439273435,0.8960003032253422,0.832330552356765,0.7350949155776019,0.8155475163385234,0.7999246238121254,0.7140131641705618,0.7752489684437243,0.03888234293116488,0.3329789936542511,0.10569380988264626,0.005459716253033829,0.006032739154654321,0.23891489207744598,11,kdB,0,1.0
student_kdB_s0,val,ge5,far,1.9843418563894897,191366,41787,0.9329243439273435,0.8960003032253422,0.8272831779305141,0.743987364491349,0.8110662706908235,0.7844812574416571,0.7108670160576256,0.7595506270217314,0.03888234293116488,0.3329789936542511,0.10569380988264626,0.005459716253033829,0.006032739154654321,0.23891489207744598,11,kdB,0,1.0
student_enddA_s0,val,all,all,0.9469455898577595,200000,53779,0.928575,0.8943427423369222,0.8736026061287864,0.6603135052715744,0.8453763683779915,0.8144465718031201,0.6405288309563213,0.7810364926830177,0.00911839597411452,0.2817419767379761,0.1021128576548523,0.006310326949646942,0.005283946749418978,0.28060781955718994,11,enddA,0,1.0
student_enddA_s0,val,all,near,0.9469455898577595,200000,10959,0.928575,0.8943427423369222,0.8436949908750797,0.6905739574778721,0.8173343010311159,0.8017813082854276,0.6850990053837029,0.7703434647321836,0.00911839597411452,0.2817419767379761,0.1021128576548523,0.006310326949646942,0.005283946749418978,0.28060781955718994,11,enddA,0,1.0
student_enddA_s0,val,all,far,0.9469455898577595,200000,42820,0.928575,0.8943427423369222,0.8812569161606726,0.6525688930406353,0.8525532253619804,0.8176880155885101,0.6291219056515647,0.7837731786548341,0.00911839597411452,0.2817419767379761,0.1021128576548523,0.006310326949646942,0.005283946749418978,0.28060781955718994,11,enddA,0,1.0
student_enddA_s0,val,ge5,all,0.9469455898577595,191366,52270,0.9391427944357932,0.9065716455394778,0.8830985720214712,0.6297111153625407,0.8589913579960498,0.8227745200620726,0.6041323895159747,0.7931474751436182,0.010713893577566878,0.23588120937347412,0.08763690079598936,0.0049656846431165025,0.005168352398688902,0.23385089635849,11,enddA,0,1.0
student_enddA_s0,val,ge5,near,0.9469455898577595,191366,10483,0.9391427944357932,0.9065716455394778,0.8517891767553785,0.6571592101497663,0.8291834439525269,0.809158307021691,0.6465706381760946,0.7811873422546296,0.010713893577566878,0.23588120937347412,0.08763690079598936,0.0049656846431165025,0.005168352398688902,0.23385089635849,11,enddA,0,1.0
student_enddA_s0,val,ge5,far,0.9469455898577595,191366,41787,0.9391427944357932,0.9065716455394778,0.8909530815716771,0.622825280589657,0.8664691947136473,0.8261903853144793,0.5934860123961998,0.7961478837174635,0.010713893577566878,0.23588120937347412,0.08763690079598936,0.0049656846431165025,0.005168352398688902,0.23385089635849,11,enddA,0,1.0
student_direct_s1,val,all,all,1.027848459991123,200000,53779,0.932715,0.9009801427122481,0.8573868677829636,0.7461276706521133,0.8363394607560571,0.8220022199185556,0.7743171126276056,0.7962102017516131,0.004449989926628811,0.23999783396720886,0.095240501059128,0.00514579293498834,0.006173438551872978,0.23989681899547577,11,direct,1,1.0
student_direct_s1,val,all,near,1.027848459991123,200000,10959,0.932715,0.9009801427122481,0.8281545093074186,0.7340998266265171,0.8063829290993704,0.7442685596313532,0.7785381877908568,0.7220109818414088,0.004449989926628811,0.23999783396720886,0.095240501059128,0.00514579293498834,0.006173438551872978,0.23989681899547577,11,direct,1,1.0
student_direct_s1,val,all,far,1.027848459991123,200000,42820,0.932715,0.9009801427122481,0.8648683581270433,0.7492059785147127,0.8440062900513777,0.8418967361046241,0.7732368052312004,0.8152001422232602,0.004449989926628811,0.23999783396720886,0.095240501059128,0.00514579293498834,0.006173438551872978,0.23989681899547577,11,direct,1,1.0
student_direct_s1,val,ge5,all,1.027848459991123,191366,52270,0.942372208229257,0.9119264784617619,0.8703146153880468,0.7142911804094126,0.8518605413012842,0.8392892973180017,0.7265544289267266,0.8157771973629818,0.004240110658344592,0.20130880177021027,0.08193660724423096,0.0039674169321788156,0.0057774940457833174,0.20127291977405548,11,direct,1,1.0
student_direct_s1,val,ge5,near,1.027848459991123,191366,10483,0.942372208229257,0.9119264784617619,0.8375478948779131,0.6998950682056663,0.8184929313766733,0.7578700381075367,0.7451111323094534,0.7375407313400906,0.004240110658344592,0.20130880177021027,0.08193660724423096,0.0039674169321788156,0.0057774940457833174,0.20127291977405548,11,direct,1,1.0
student_direct_s1,val,ge5,far,1.027848459991123,191366,41787,0.942372208229257,0.9119264784617619,0.8785347204711522,0.7179026970110322,0.8602313900063765,0.8597147428944563,0.7218991552396679,0.8354041835863998,0.004240110658344592,0.20130880177021027,0.08193660724423096,0.0039674169321788156,0.0057774940457833174,0.20127291977405548,11,direct,1,1.0
student_directTS_s1,val,all,all,,200000,53779,0.932715,0.9009801427122481,0.857495419215679,0.74503058814779,0.8364428446047713,0.8216930790364269,0.7747819780955392,0.795868842670931,0.006173438551872978,0.23989681899547577,0.09530518892673982,0.005143659963976238,,,11,directTS,1,1.0
student_directTS_s1,val,all,near,,200000,10959,0.932715,0.9009801427122481,0.8281629897800894,0.7332785838123916,0.8063958312802263,0.7437544431517475,0.7789031845971348,0.7214766443106123,0.006173438551872978,0.23989681899547577,0.09530518892673982,0.005143659963976238,,,11,directTS,1,1.0
student_directTS_s1,val,all,far,,200000,42820,0.932715,0.9009801427122481,0.8650025209014478,0.7480382998598786,0.8441328310368986,0.8416400549976646,0.7737272302662307,0.8149081724661373,0.006173438551872978,0.23989681899547577,0.09530518892673982,0.005143659963976238,,,11,directTS,1,1.0
student_directTS_s1,val,ge5,all,,191366,52270,0.942372208229257,0.9119264784617619,0.870521137010274,0.7135833173904725,0.8520375798863492,0.8389865971218761,0.7273005548115554,0.815448226112195,0.0057774940457833174,0.20127291977405548,0.08199716195868136,0.003965347351291602,,,11,directTS,1,1.0
student_directTS_s1,val,ge5,near,,191366,10483,0.942372208229257,0.9119264784617619,0.8376519921632342,0.6991319278832395,0.8185737717267806,0.7573732502713545,0.7454927024706668,0.7370265783787868,0.0057774940457833174,0.20127291977405548,0.08199716195868136,0.003965347351291602,,,11,directTS,1,1.0
student_directTS_s1,val,ge5,far,,191366,41787,0.942372208229257,0.9119264784617619,0.8787669370301731,0.7172087012707301,0.8604325616016374,0.8594607329783391,0.7227367363055496,0.8351216684073904,0.0057774940457833174,0.20127291977405548,0.08199716195868136,0.003965347351291602,,,11,directTS,1,1.0
student_ls_s1,val,all,all,0.6709563274333802,200000,53779,0.92525,0.8874165452056192,0.8731572592926606,0.6217296714330872,0.8398976683277859,0.8709391588259358,0.6252254597519478,0.8325907135684932,0.1136300008053146,0.38503512740135193,0.12529532426709303,0.00729518818227072,0.00664826371680945,0.284028023481369,11,ls,1,1.0
student_ls_s1,val,all,near,0.6709563274333802,200000,10959,0.92525,0.8874165452056192,0.8516413226571767,0.7047175837211425,0.8233174016789853,0.820715754630897,0.7394835295191167,0.7888748293639931,0.1136300008053146,0.38503512740135193,0.12529532426709303,0.00729518818227072,0.00664826371680945,0.284028023481369,11,ls,1,1.0
student_ls_s1,val,all,far,0.6709563274333802,200000,42820,0.92525,0.8874165452056192,0.8786638718472676,0.6004904250350304,0.8441410859411489,0.883792925443718,0.5959831854273704,0.8437789988323214,0.1136300008053146,0.38503512740135193,0.12529532426709303,0.00729518818227072,0.00664826371680945,0.284028023481369,11,ls,1,1.0
student_ls_s1,val,ge5,all,0.6709563274333802,191366,52270,0.9350772864563193,0.8979256085595478,0.8805578837156502,0.5907021235890568,0.8516390532212279,0.8784914164312675,0.5851348766022575,0.8446482109218978,0.11413207892581766,0.3461548388004303,0.11197512818722383,0.005884853697344001,0.004536576368338355,0.24119733273983002,11,ls,1,1.0
student_ls_s1,val,ge5,near,0.6709563274333802,191366,10483,0.9350772864563193,0.8979256085595478,0.8594150243957825,0.6737575121625489,0.8347861383699251,0.8303878666191977,0.7036153772774969,0.8019696708708317,0.11413207892581766,0.3461548388004303,0.11197512818722383,0.005884853697344001,0.004536576368338355,0.24119733273983002,11,ls,1,1.0
student_ls_s1,val,ge5,far,0.6709563274333802,191366,41787,0.9350772864563193,0.8979256085595478,0.8858619398634995,0.5698662263383348,0.8558669017479518,0.8905590334576134,0.5554119702299758,0.8553548693409114,0.11413207892581766,0.3461548388004303,0.11197512818722383,0.005884853697344001,0.004536576368338355,0.24119733273983002,11,ls,1,1.0
student_kdA_s1,val,all,all,1.7522575132676754,200000,53779,0.919845,0.8824025928764214,0.8343919876252813,0.7768273861544469,0.8086036775507168,0.8000168257591254,0.7406236635117797,0.7701250434184346,0.041115569801665815,0.3572746813297272,0.12243043869441034,0.007129482051952625,0.005908968984335661,0.284464031457901,11,kdA,1,1.0
student_kdA_s1,val,all,near,1.7522575132676754,200000,10959,0.919845,0.8824025928764214,0.8326741564011315,0.763938315539739,0.8060491947257962,0.7923554211150654,0.784560635094443,0.7642209220731819,0.041115569801665815,0.3572746813297272,0.12243043869441034,0.007129482051952625,0.005908968984335661,0.284464031457901,11,kdA,1,1.0
student_kdA_s1,val,all,far,1.7522575132676754,200000,42820,0.919845,0.8824025928764214,0.8348316352755721,0.7801261092947221,0.8092574509574966,0.8019776228981785,0.7293787949556282,0.7716360958664176,0.041115569801665815,0.3572746813297272,0.12243043869441034,0.007129482051952625,0.005908968984335661,0.284464031457901,11,kdA,1,1.0
student_kdA_s1,val,ge5,all,1.7522575132676754,191366,52270,0.9318635494288432,0.8947994873426065,0.8464595601590731,0.7451693131815573,0.8242704268945635,0.8134679668445788,0.6896690262100631,0.7862853164891519,0.03505232725984104,0.29924941062927246,0.1048040586122909,0.005456602106292256,0.005486356373030531,0.2376771867275238,11,kdA,1,1.0
student_kdA_s1,val,ge5,near,1.7522575132676754,191366,10483,0.9318635494288432,0.8947994873426065,0.8420963550715028,0.7373843365448822,0.8195737434239596,0.8048789544253387,0.734331775255175,0.7792278561722477,0.03505232725984104,0.29924941062927246,0.1048040586122909,0.005456602106292256,0.005486356373030531,0.2376771867275238,11,kdA,1,1.0
student_kdA_s1,val,ge5,far,1.7522575132676754,191366,41787,0.9318635494288432,0.8947994873426065,0.8475541464881468,0.7471223107665064,0.8254486721101172,0.815622670871929,0.6784645942518008,0.7880558038776246,0.03505232725984104,0.29924941062927246,0.1048040586122909,0.005456602106292256,0.005486356373030531,0.2376771867275238,11,kdA,1,1.0
student_kdB_s1,val,all,all,1.9969538075562778,200000,53779,0.918615,0.8806008044547922,0.830320949301772,0.7816247977835215,0.8062687095334611,0.7994552255992116,0.7640714777143495,0.770963477100727,0.04696744215846066,0.4118236005306244,0.12756477598638336,0.007502429703965083,0.005872096135765274,0.2965533137321472,11,kdB,1,1.0
student_kdB_s1,val,all,near,1.9969538075562778,200000,10959,0.918615,0.8806008044547922,0.819480004106214,0.7693220184323387,0.7964421019253582,0.7832660338534538,0.7851993795054293,0.7568439656903002,0.04696744215846066,0.4118236005306244,0.12756477598638336,0.007502429703965083,0.005872096135765274,0.2965533137321472,11,kdB,1,1.0
student_kdB_s1,val,all,far,1.9969538075562778,200000,42820,0.918615,0.8806008044547922,0.8330954920014011,0.7847734703409621,0.8087836509808499,0.8035985547057449,0.7586641756188697,0.7745771091779543,0.04696744215846066,0.4118236005306244,0.12756477598638336,0.007502429703965083,0.005872096135765274,0.2965533137321472,11,kdB,1,1.0
student_kdB_s1,val,ge5,all,1.9969538075562778,191366,52270,0.9304265125466383,0.8931634264645423,0.842449543342435,0.7446718959250048,0.822060262320232,0.8136557244846199,0.7175243925770041,0.7876479937545509,0.04080044915652305,0.34701481461524963,0.10948396302493976,0.005793641198091145,0.006242493040926764,0.2480049431324005,11,kdB,1,1.0
student_kdB_s1,val,ge5,near,1.9969538075562778,191366,10483,0.9304265125466383,0.8931634264645423,0.8288209606738747,0.7391967948106458,0.8099800715897969,0.7955899870499216,0.7467328054946103,0.7716280766572952,0.04080044915652305,0.34701481461524963,0.10948396302493976,0.005793641198091145,0.006242493040926764,0.2480049431324005,11,kdB,1,1.0
student_kdB_s1,val,ge5,far,1.9969538075562778,191366,41787,0.9304265125466383,0.8931634264645423,0.8458685117324729,0.7460454208246584,0.825090789503977,0.8181878307743258,0.7101969512049202,0.7916668702216464,0.04080044915652305,0.34701481461524963,0.10948396302493976,0.005793641198091145,0.006242493040926764,0.2480049431324005,11,kdB,1,1.0
student_enddA_s1,val,all,all,0.9525048785869378,200000,53779,0.927875,0.8931700685998456,0.8546643302683203,0.6499748972647316,0.8254828322393499,0.8002407975696832,0.6469439744138047,0.7664710393462133,0.007959124396406095,0.2846820652484894,0.10336621187451023,0.00646067900551569,0.004945063785985078,0.2837454080581665,11,enddA,1,1.0
student_enddA_s1,val,all,near,0.9525048785869378,200000,10959,0.927875,0.8931700685998456,0.8276646094534172,0.6864677434072451,0.801096335888311,0.7761872511178027,0.71046628342002,0.7448010041974632,0.007959124396406095,0.2846820652484894,0.10336621187451023,0.00646067900551569,0.004945063785985078,0.2837454080581665,11,enddA,1,1.0
student_enddA_s1,val,all,far,0.9525048785869378,200000,42820,0.927875,0.8931700685998456,0.8615744176202709,0.6406352171882298,0.8317241123306867,0.8063968651914992,0.6306865950490425,0.7720170906118636,0.007959124396406095,0.2846820652484894,0.10336621187451023,0.00646067900551569,0.004945063785985078,0.2837454080581665,11,enddA,1,1.0
student_enddA_s1,val,ge5,all,0.9525048785869378,191366,52270,0.9380976767032806,0.9049606300711303,0.8625039660538402,0.618634015687775,0.8375919348950396,0.8068210864973167,0.6052802754926344,0.7768899579063886,0.010017325365678143,0.23872889578342438,0.08891790038109502,0.005109322962867347,0.004727041111767292,0.23692625761032104,11,enddA,1,1.0
student_enddA_s1,val,ge5,near,0.9525048785869378,191366,10483,0.9380976767032806,0.9049606300711303,0.8337512392728019,0.663932080511304,0.8111450498602759,0.7818897746758768,0.6648860059143376,0.7539009233713367,0.010017325365678143,0.23872889578342438,0.08891790038109502,0.005109322962867347,0.004727041111767292,0.23692625761032104,11,enddA,1,1.0
student_enddA_s1,val,ge5,far,0.9525048785869378,191366,41787,0.9380976767032806,0.9049606300711303,0.8697170905864848,0.6072702036518535,0.8442265986856785,0.8130755422329318,0.5903271352334458,0.782657159405203,0.010017325365678143,0.23872889578342438,0.08891790038109502,0.005109322962867347,0.004727041111767292,0.23692625761032104,11,enddA,1,1.0
student_direct_s2,val,all,all,1.026304468882548,200000,53779,0.93168,0.9003790787636353,0.8519101523829005,0.7345990070473605,0.8299091545026869,0.829448942384574,0.7505903791442756,0.8018321773368787,0.005322093313708888,0.24553775787353516,0.09673393460687925,0.005272729591836869,0.006621989616528184,0.24543574452400208,11,direct,2,1.0
student_direct_s2,val,all,near,1.026304468882548,200000,10959,0.93168,0.9003790787636353,0.8314336143808742,0.7478784560635094,0.8096824833470206,0.7361938046354595,0.7999817501596861,0.7134064727621133,0.005322093313708888,0.24553775787353516,0.09673393460687925,0.005272729591836869,0.006621989616528184,0.24543574452400208,11,direct,2,1.0
student_direct_s2,val,all,far,1.026304468882548,200000,42820,0.93168,0.9003790787636353,0.8571507497664643,0.7312003736571695,0.835085803012611,0.853315898353573,0.7379495562821111,0.8244631277440448,0.005322093313708888,0.24553775787353516,0.09673393460687925,0.005272729591836869,0.006621989616528184,0.24543574452400208,11,direct,2,1.0
student_direct_s2,val,ge5,all,1.026304468882548,191366,52270,0.9417817167103875,0.9119264024291203,0.8642867404085769,0.6991964798163383,0.8450688075263256,0.8456000933355918,0.7,0.8205036782255775,0.004999900092262447,0.20528531074523926,0.08307705088434987,0.004047362198387626,0.00659581485437606,0.20527608692646027,11,direct,2,1.0
student_direct_s2,val,ge5,near,1.026304468882548,191366,10483,0.9417817167103875,0.9119264024291203,0.8410289910763904,0.7106744252599446,0.8221458416703025,0.7479828836453999,0.7528379280740246,0.7272827323085039,0.004999900092262447,0.20528531074523926,0.08307705088434987,0.004047362198387626,0.00659581485437606,0.20527608692646027,11,direct,2,1.0
student_direct_s2,val,ge5,far,1.026304468882548,191366,41787,0.9417817167103875,0.9119264024291203,0.8701213537153305,0.69631703639888,0.8508194345411555,0.870089078167771,0.6867446813602317,0.8438897833790627,0.004999900092262447,0.20528531074523926,0.08307705088434987,0.004047362198387626,0.00659581485437606,0.20527608692646027,11,direct,2,1.0
student_directTS_s2,val,all,all,,200000,53779,0.93168,0.9003790787636353,0.8519795785529667,0.7341155469607096,0.8299803090425631,0.829213348193533,0.7510738392309265,0.8015575977612079,0.006621989616528184,0.24543574452400208,0.09680044888093589,0.005270105516073779,,,11,directTS,2,1.0
student_directTS_s2,val,all,near,,200000,10959,0.93168,0.9003790787636353,0.8313776334519574,0.7486996988776348,0.809639473948353,0.7357290341272014,0.8004379961675335,0.7129220480883293,0.006621989616528184,0.24543574452400208,0.09680044888093589,0.005270105516073779,,,11,directTS,2,1.0
student_directTS_s2,val,all,far,,200000,42820,0.93168,0.9003790787636353,0.8572522716020551,0.7303829985987856,0.8351861757356376,0.8531389576716487,0.7384399813171415,0.824242254203643,0.006621989616528184,0.24543574452400208,0.09680044888093589,0.005270105516073779,,,11,directTS,2,1.0
student_directTS_s2,val,ge5,all,,191366,52270,0.9417817167103875,0.9119264024291203,0.864451803278067,0.6984312224985652,0.8452114152105571,0.8453651098004148,0.7004208915247752,0.8202379669893995,0.00659581485437606,0.20527608692646027,0.08314757046426484,0.004045181335317655,,,11,directTS,2,1.0
student_directTS_s2,val,ge5,near,,191366,10483,0.9417817167103875,0.9119264024291203,0.8410765991151968,0.7107698178002481,0.8221765048044625,0.7475253462958426,0.7529333206143279,0.7268093153107129,0.00659581485437606,0.20527608692646027,0.08314757046426484,0.004045181335317655,,,11,directTS,2,1.0
student_directTS_s2,val,ge5,far,,191366,41787,0.9417817167103875,0.9119264024291203,0.8703158821839317,0.6953358700074186,0.8509901254742058,0.8699099261504384,0.6872472299997607,0.8436761787669302,0.00659581485437606,0.20527608692646027,0.08314757046426484,0.004045181335317655,,,11,directTS,2,1.0
student_ls_s2,val,all,all,0.6721542531841861,200000,53779,0.923925,0.8863904483967339,0.8442735203332155,0.6438944569441604,0.8126764780862418,0.8300617289276483,0.6489150039978431,0.7938524519793971,0.11499878776539114,0.38921043276786804,0.1261843501815448,0.007478096427275189,0.008253368367962498,0.2858509421348572,11,ls,2,1.0
student_ls_s2,val,all,near,0.6721542531841861,200000,10959,0.923925,0.8863904483967339,0.844171049137695,0.7191349575691213,0.8154874646409344,0.8025659277762569,0.757915868236153,0.7718330641481888,0.11499878776539114,0.38921043276786804,0.1261843501815448,0.007478096427275189,0.008253368367962498,0.2858509421348572,11,ls,2,1.0
student_ls_s2,val,all,far,0.6721542531841861,200000,42820,0.923925,0.8863904483967339,0.8442997459715087,0.6246380196170014,0.8119570572162541,0.8370987790168146,0.6210182157870154,0.7994879137085474,0.11499878776539114,0.38921043276786804,0.1261843501815448,0.007478096427275189,0.008253368367962498,0.2858509421348572,11,ls,2,1.0
student_ls_s2,val,ge5,all,0.6721542531841861,191366,52270,0.9342725458022846,0.8977325957887692,0.85179148825127,0.6101013965946049,0.8243720598453328,0.8375874919450004,0.6158025636120146,0.8058687759492541,0.11588899561983676,0.34994715452194214,0.11266585853561509,0.006046777958827655,0.005332425033468169,0.24279095232486725,11,ls,2,1.0
student_ls_s2,val,ge5,near,0.6721542531841861,191366,10483,0.9342725458022846,0.8977325957887692,0.8520480116319101,0.6858723647810742,0.8270884115935115,0.8133891936914102,0.7308976438042545,0.7860613180393764,0.11588899561983676,0.34994715452194214,0.11266585853561509,0.006046777958827655,0.005332425033468169,0.24279095232486725,11,ls,2,1.0
student_ls_s2,val,ge5,far,0.6721542531841861,191366,41787,0.9342725458022846,0.8977325957887692,0.8517271348734433,0.5910929236365376,0.8236906154876104,0.8436580584032863,0.5869289491947256,0.8108378232909931,0.11588899561983676,0.34994715452194214,0.11266585853561509,0.006046777958827655,0.005332425033468169,0.24279095232486725,11,ls,2,1.0
student_kdA_s2,val,all,all,1.760310222447276,200000,53779,0.91767,0.8782352929278708,0.8367132032949665,0.7770505215790551,0.8097881655478905,0.7718685603581323,0.7525985979657487,0.7421015809144834,0.04246703064955769,0.36474308371543884,0.12522162007809867,0.007349247965188207,0.007051715461015738,0.2897989749908447,11,kdA,2,1.0
student_kdA_s2,val,all,near,1.760310222447276,200000,10959,0.91767,0.8782352929278708,0.8321063602974723,0.7501596861027466,0.8033511981020166,0.7846247232867962,0.767679532804088,0.7554533652705537,0.04246703064955769,0.36474308371543884,0.12522162007809867,0.007349247965188207,0.007051715461015738,0.2897989749908447,11,kdA,2,1.0
student_kdA_s2,val,all,far,1.760310222447276,200000,42820,0.91767,0.8782352929278708,0.8378922409504904,0.7839327417094816,0.8114355902615599,0.768603852522186,0.7487389070527791,0.7386844346099954,0.04246703064955769,0.36474308371543884,0.12522162007809867,0.007349247965188207,0.007051715461015738,0.2897989749908447,11,kdA,2,1.0
student_kdA_s2,val,ge5,all,1.760310222447276,191366,52270,0.9297471860205052,0.8909706906357516,0.8487816042667564,0.7410943179644155,0.8256221990052482,0.7841552704762392,0.6960397933805242,0.7569938837778816,0.036421716198743,0.3049713671207428,0.10704260356538614,0.0056185569059863305,0.006614340265209219,0.2417445033788681,11,kdA,2,1.0
student_kdA_s2,val,ge5,near,1.760310222447276,191366,10483,0.9297471860205052,0.8909706906357516,0.841033347062895,0.7163979776781456,0.8165962012094955,0.7967511900656322,0.7217399599351331,0.7701215269339755,0.036421716198743,0.3049713671207428,0.10704260356538614,0.0056185569059863305,0.006614340265209219,0.2417445033788681,11,kdA,2,1.0
student_kdA_s2,val,ge5,far,1.760310222447276,191366,41787,0.9297471860205052,0.8909706906357516,0.8507253901395895,0.7472898269796827,0.8278865284592142,0.7809953636857158,0.6895924569842296,0.7537005848283198,0.036421716198743,0.3049713671207428,0.10704260356538614,0.0056185569059863305,0.006614340265209219,0.2417445033788681,11,kdA,2,1.0
student_kdB_s2,val,all,all,1.9910945833646896,200000,53779,0.91883,0.8824594385092679,0.820499438303055,0.7913683779914092,0.7985744965506981,0.7787003404674688,0.7782591717956824,0.7510099578831885,0.046713613564409284,0.406686007976532,0.12674921068017425,0.007327005773638437,0.00633381281390783,0.2939048707485199,11,kdB,2,1.0
student_kdB_s2,val,all,near,1.9910945833646896,200000,10959,0.91883,0.8824594385092679,0.8308394830732732,0.7696870152386167,0.807281108677799,0.7873981791221827,0.7954192900812118,0.7605254252212794,0.046713613564409284,0.406686007976532,0.12674921068017425,0.007327005773638437,0.00633381281390783,0.2939048707485199,11,kdB,2,1.0
student_kdB_s2,val,all,far,1.9910945833646896,200000,42820,0.91883,0.8824594385092679,0.817853091954694,0.7969173283512377,0.7963461975712285,0.7764742868986456,0.7738673517048108,0.7485746471275105,0.046713613564409284,0.406686007976532,0.12674921068017425,0.007327005773638437,0.00633381281390783,0.2939048707485199,11,kdB,2,1.0
student_kdB_s2,val,ge5,all,1.9910945833646896,191366,52270,0.9309020411149316,0.8947583422987117,0.831918635551073,0.7627319686244499,0.8138149575286407,0.7920484751137443,0.7276066577386646,0.7667544714188503,0.040046220118983726,0.34126603603363037,0.10836523316639415,0.0056323213458051155,0.006422761630118921,0.24522832036018372,11,kdB,2,1.0
student_kdB_s2,val,ge5,near,1.9910945833646896,191366,10483,0.9309020411149316,0.8947583422987117,0.8400918266380798,0.7498807593246208,0.8209905434252206,0.800334847975084,0.7349995230372984,0.7758965795398216,0.040046220118983726,0.34126603603363037,0.10836523316639415,0.0056323213458051155,0.006422761630118921,0.24522832036018372,11,kdB,2,1.0
student_kdB_s2,val,ge5,far,1.9910945833646896,191366,41787,0.9309020411149316,0.8947583422987117,0.8298682475795726,0.765955919305047,0.8120148362719377,0.789969693514074,0.7257520281427238,0.7644610136584908,0.040046220118983726,0.34126603603363037,0.10836523316639415,0.0056323213458051155,0.006422761630118921,0.24522832036018372,11,kdB,2,1.0
student_enddA_s2,val,all,all,0.9591330141167826,200000,53779,0.927815,0.89305952715913,0.8778652500976218,0.6676397850462076,0.8488097729597054,0.8273954631454657,0.6385206121348481,0.7929044037635506,0.008434433527737845,0.28578120470046997,0.10315337885884636,0.006237298906909408,0.00487802886165681,0.2850365936756134,11,enddA,2,1.0
student_enddA_s2,val,all,near,0.9591330141167826,200000,10959,0.927815,0.89305952715913,0.8359697561365088,0.7116525230404234,0.8101197572771237,0.7950589770964505,0.6592754813395383,0.7620219682452778,0.008434433527737845,0.28578120470046997,0.10315337885884636,0.006237298906909408,0.00487802886165681,0.2850365936756134,11,enddA,2,1.0
student_enddA_s2,val,all,far,0.9591330141167826,200000,42820,0.927815,0.89305952715913,0.8885876395959832,0.6563755254553947,0.858711778608127,0.8356713984703409,0.6332087809434843,0.8008082013078003,0.008434433527737845,0.28578120470046997,0.10315337885884636,0.006237298906909408,0.00487802886165681,0.2850365936756134,11,enddA,2,1.0
student_enddA_s2,val,ge5,all,0.9591330141167826,191366,52270,0.9382701211291452,0.9048453687339303,0.8869663987410952,0.6312224985651426,0.8621649967533468,0.8363620025776198,0.6034053950640903,0.8057728940452304,0.009739206963862487,0.23973555862903595,0.0886984283647698,0.0048887789496781,0.005317476677892499,0.23826691508293152,11,enddA,2,1.0
student_enddA_s2,val,ge5,near,0.9591330141167826,191366,10483,0.9382701211291452,0.9048453687339303,0.843350575858425,0.6766192883716493,0.8213004393265992,0.8025095731782349,0.6109892206429457,0.7731486646356862,0.009739206963862487,0.23973555862903595,0.0886984283647698,0.0048887789496781,0.005317476677892499,0.23826691508293152,11,enddA,2,1.0
student_enddA_s2,val,ge5,far,0.9591330141167826,191366,41787,0.9382701211291452,0.9048453687339303,0.8979081909558757,0.6198339196400795,0.8724165858960131,0.8448544767297186,0.6015028597410678,0.8139572527429176,0.009739206963862487,0.23973555862903595,0.0886984283647698,0.0048887789496781,0.005317476677892499,0.23826691508293152,11,enddA,2,1.0
