start,split,weeks_since,auroc_energy_teacherA,auroc_energy_kdA,auroc_energy_ls,auroc_energy_directTS,auroc_energy_enddA,auroc_msp_teacherA,auroc_msp_kdA,auroc_msp_ls,auroc_msp_directTS,auroc_msp_enddA,f1_kdA,ece_kdA,nll_kdA,f1_ls,ece_ls,nll_ls,f1_directTS,ece_directTS,nll_directTS,rho_kdA_A,rho_kdA_B,rho_kdB_A,rho_kdB_B,rho_kdA4_A,rho_kdA4_B,rho_kdB4_A,rho_kdB4_B,rho_direct_A,rho_direct_B,analysis
11,test_w16-19,3.5,0.86912815005,0.8538615827166667,0.8564594435166667,0.8547469708,0.8105328371333332,0.904544364,0.8760484931333333,0.8741962812833333,0.8768812872833333,0.87375828965,0.9015943798755843,0.004659532165527343,0.2747548734857741,0.8928362112884444,0.006242933553059895,0.2753317979268574,0.9011444295313298,0.003899905598958333,0.2829861195847889,0.7610892736856636,0.7137565541470519,0.7589986893866674,0.7133944695337711,0.8950424947325322,0.8434663496218853,0.8788302334663274,0.8616265693735924,0.76150798020661,0.7152924339798398,primary
11,test_w20-23,7.5,0.86296738665,0.8575537709999999,0.8501275591166666,0.8591058981333333,0.7962329165666666,0.89605533855,0.8689566732833333,0.8612064231166666,0.8701322908666667,0.8619295499166666,0.8803168716211871,0.004093627726236978,0.3338044049743486,0.8640521918077707,0.008561044514973958,0.337089292852588,0.8768337359871775,0.005035369059244791,0.3530787415202154,0.7613295384812963,0.7100259982705386,0.7608844357464809,0.7109689967636842,0.8919450454862492,0.8427535010098609,0.8762526203181734,0.8576626842979969,0.7630264021733746,0.7126617653328196,primary
11,test_w24-27,11.5,0.84100601,0.84569962275,0.8278843561833333,0.84743826095,0.7617544899666666,0.87818141315,0.8562856268500001,0.8449948693666667,0.8573441851499999,0.8448238824166667,0.8483295550218283,0.009522187703450521,0.40808022939742844,0.8353349610191142,0.010445222574869791,0.3876102543828517,0.8451130926522747,0.010850895589192708,0.4263066552935993,0.7498680400237476,0.6987071095136372,0.7515145861354189,0.7012522087380331,0.8877433249279002,0.8404489408537862,0.8724907528457504,0.8530911517065312,0.7530380469770168,0.7027752434840836,primary
11,test_w28-31,15.5,0.82946782395,0.8326199715333333,0.8084248846333333,0.8346965234166666,0.7332732940833333,0.8585708321,0.8373897030833333,0.8241505532,0.8390876256833333,0.8242394354333332,0.7880333418657105,0.01965034871419271,0.6015338025173202,0.7746945774644257,0.018247571411132812,0.5072009530325567,0.7801927992022686,0.02232884318033854,0.5909666164740273,0.7470128770761515,0.6922466185723773,0.7499910349259009,0.6956671723118246,0.8756317591873936,0.8251626659341703,0.8602381688288647,0.8370333345212473,0.7521856465398892,0.697278234089636,primary
11,test_w32-35,19.5,0.8146222198,0.8180308532666666,0.7913536646999999,0.8187681354499999,0.7149749286833333,0.8424892759,0.8194227696999998,0.8074271676999999,0.8193591417833332,0.8080369591333333,0.7468906872836656,0.038199970703124995,0.772218780395003,0.7333070422296214,0.032626295776367185,0.6505859384788151,0.7396067804741215,0.04106538248697916,0.7737423755708399,0.7420039751514949,0.6828820123785723,0.7443734068143737,0.6863409896119719,0.8596949421130606,0.8076152552858537,0.8443556172552662,0.8179591912890661,0.7477869766165639,0.6888051126154666,primary
11,test_w36-39,23.5,0.8124539821,0.8134895280333333,0.7849499248333333,0.8152612501166667,0.7228920087999999,0.842263182,0.8169865289666667,0.8093434495166666,0.8161024879,0.8069473192833332,0.7274908895853001,0.051506531778971354,0.8147224549591071,0.7089032502370256,0.047778340861002605,0.7271579707774868,0.7223008974059983,0.05409183756510416,0.8297751107024403,0.750125964026847,0.6913367272622228,0.7518806947952211,0.6931411864142304,0.8564228467634416,0.8008100113049891,0.8410475264870586,0.8096600169214639,0.7541408324200074,0.6951512042456727,primary
11,test_w40-43,27.5,0.80316392075,0.8063213202999999,0.7706106860999999,0.80898384295,0.7098966419999999,0.83222545165,0.8086393236999999,0.7990729326166666,0.80849511515,0.7966684987999999,0.7236651422944984,0.05605532348632812,0.8672621188347516,0.7053635198689362,0.05157798075358073,0.7729049981651768,0.7193751184515962,0.058691027425130216,0.8799232012645877,0.7524348051824787,0.6960111010046522,0.7559042390995939,0.6992683609181295,0.8565765270972509,0.8016262270983385,0.8414211358708126,0.8112509158662106,0.7553626272859109,0.6988384176908042,primary
11,test_w44-47,31.5,0.7861907242,0.7903540449166666,0.7569823323,0.7919626864333332,0.7018262813833333,0.81419921545,0.7970746567333332,0.7843710432666666,0.7960639204,0.7828907371666667,0.6952698286766325,0.06693468709309895,1.0610901034235904,0.6780429841204921,0.0622665224202474,0.9360282778868372,0.6895323677783216,0.06898255757649739,1.0965919270663065,0.7578630308073644,0.6994292423605329,0.7610622135127982,0.7029566961244573,0.8506062271972534,0.7906618197919687,0.8362177146618026,0.8000182825182034,0.7609132214960694,0.703291208735275,primary
11,test_w48-51,35.333333333333336,0.7844257147,0.7928698480333333,0.7570941866666666,0.7938585239166667,0.7078341772,0.81153217155,0.8008408142666665,0.78431609075,0.7992998134,0.7843655711166666,0.6867015411026893,0.07722382080078125,1.1568014854265272,0.6719775709828952,0.06862875630696615,1.006003593899122,0.6776280687672616,0.07749929524739584,1.1977460382192118,0.7506566409591802,0.6865622025792133,0.7524303274531761,0.689122842637854,0.8447049099101636,0.7841085975045723,0.8301790869703756,0.7908519086121788,0.7517470001305023,0.6895604819324628,primary
24,test_w29-32,3.5,0.8736590937,0.8719231878833333,0.8591966979333333,0.8680670143499999,0.7603373885333333,0.9058487617,0.8786392519499999,0.8790189901999999,0.8808254884833333,0.8751321708166666,0.8862518835491072,0.005215920817057291,0.24526479288551697,0.8760191109923805,0.011775623575846354,0.25743274399334215,0.8869850000867533,0.0059325508626302086,0.24651295241465102,0.7398409640700541,0.7025393693080756,0.7379750264041663,0.7023527760983624,0.8891123948658026,0.834752414675193,0.868880686017981,0.8569823968105108,0.7443767551118563,0.7084373064981573,primary
24,test_w33-36,7.5,0.85733603665,0.8540467151,0.8393847750166665,0.8515577102666666,0.7484792136833334,0.88951862225,0.8581177287166666,0.8609786080166666,0.8615865617166667,0.8560908406,0.8470235356278788,0.018194970703124997,0.3503346449514167,0.8409382633577519,0.023837562255859375,0.3635008623494601,0.8502306430320231,0.017564263916015625,0.35127407100797586,0.7292581362483288,0.6960157504358031,0.7263293838148823,0.694805932607441,0.8770412660356766,0.8230364681521248,0.8575164550752677,0.8441998945457645,0.7339496871887364,0.7031336076912929,primary
24,test_w37-40,11.5,0.86298884045,0.8544731176166667,0.8329792850833333,0.85275647925,0.76760198675,0.8889360169,0.8517830520833332,0.8571671530333331,0.8594299631666665,0.8534996351333333,0.8272477173822266,0.02790322957356771,0.4265625614059433,0.8210921791322527,0.03389012390136718,0.4467473608459796,0.8322497333181772,0.026713586018880207,0.43249679834999843,0.7489658134882715,0.7127131759628353,0.7474064707480668,0.7118496693592802,0.871214599955458,0.8225991511670212,0.8510320953725992,0.8377988840836628,0.7551982115354815,0.7210589842720229,primary
24,test_w41-44,15.5,0.84745865435,0.84343944735,0.8200916603999999,0.8406890314999999,0.75340202005,0.87664804305,0.8446998180999999,0.8476396597999999,0.8518128644166667,0.8436373755666665,0.8167901844988964,0.03261406168619792,0.4928072614954047,0.8123666413345115,0.03738835632324219,0.49784885613676666,0.821041517507268,0.03143065714518229,0.49991152067948075,0.7493380329851558,0.7121803337374639,0.7480257542112994,0.7121675413801904,0.8743361245127865,0.8254071707530668,0.8559830797461856,0.843732112063683,0.7557236237238347,0.7205331733448299,primary
24,test_w45-48,19.5,0.82730202795,0.8228693976666667,0.7982859503333333,0.8211495970166667,0.7342245067833333,0.85769818825,0.8255772741666665,0.8242854573999998,0.8345995812666666,0.82098865625,0.7797716018858589,0.04736049153645833,0.6817449741286836,0.7829073386093264,0.04852263753255208,0.6600565682557633,0.7874697007790437,0.04643357686360677,0.6803351025155545,0.7546877598130803,0.7163764575800151,0.7531224993200492,0.7170271825287525,0.8686155747849658,0.8211602058952385,0.8498857036860588,0.8366071475261123,0.7593526037233852,0.7230175860500498,primary
24,test_w49-51,23.0,0.81647238425,0.8107225565333331,0.7890029168333332,0.8124815689333333,0.72895294465,0.84640862365,0.8155878744499999,0.8127680023666666,0.8254983081,0.8116853717333332,0.753250244444402,0.061638394978841146,0.833661067990644,0.7551437526823128,0.0612190049235026,0.8031565442276408,0.7628130969971741,0.06144480163574218,0.8398323473496659,0.7576639620625472,0.7210658712999157,0.7564736899337535,0.7218995492009361,0.8616964860085682,0.8139233911605117,0.8438909380845966,0.8292086902563838,0.7610972199095912,0.7261687639763448,primary
37,test_w42-45,3.5,0.87181626905,0.8688495540166666,0.8562948169666665,0.8687395931499999,0.7549245081333333,0.9081538895,0.8862847286166666,0.8826732119499999,0.8863208250499999,0.8800610908333333,0.9144234500164767,0.003778770345052083,0.2578484041825897,0.9072649291976306,0.007907949015299478,0.26560633574831843,0.915145498836304,0.0034011696370442705,0.24731332008739765,0.752838747184954,0.7186490999683748,0.7531870167795327,0.7203475758992423,0.8938109234967566,0.8458114560266577,0.8777015360414329,0.8698070567568097,0.7541554577011194,0.7215986040601297,primary
37,test_w46-49,7.5,0.8525760366,0.8474872698666666,0.8285715608833332,0.8471066909166667,0.7360799622166666,0.88725656985,0.8657054437333334,0.8567580880166665,0.8655639499666666,0.8575978559833333,0.8716075514125867,0.028870516357421876,0.4953903364275143,0.8646149616181553,0.027111378377278644,0.47671379176260803,0.8722148759697627,0.02963448059082031,0.4784616974667499,0.7562278463632415,0.7186259746006716,0.7590200429466178,0.7229944393682728,0.8841409869927769,0.8348960469326296,0.8668101585026158,0.8562851274677972,0.7592742512251893,0.7235171727555695,primary
37,test_w51-51,11.0,0.8280194906950595,0.8368120713722971,0.8161346302117993,0.8346347774539724,0.7220406229682492,0.8710286888180087,0.85667754820747,0.8424961534607647,0.8568763771923786,0.8460678236459456,0.8222913583129462,0.04918230936686197,0.7361330553510634,0.8131745787599047,0.04676134582519531,0.7204417901734057,0.8224705296909246,0.05007246704101562,0.7498332915570032,0.702231343458986,0.667585839863561,0.7073931509122157,0.6726544228672521,0.8972897248428584,0.843727214117921,0.8775483942272797,0.8704136315631695,0.7060610499976958,0.6725229884968162,primary
11,test_w16-19,3.5,0.8722874147884978,0.8583801231756805,0.8567756760742004,0.859502428144858,0.8141103147275379,0.905855566514553,0.8792647885451084,0.8749449162749379,0.8802388434156696,0.8752878980174952,0.9001898108036084,0.004339440290972364,0.277410086161998,0.8915411682663936,0.006735444436071932,0.2776053866158291,0.8998364397429833,0.003599348715448243,0.28592479615554267,0.7625702423860203,0.7162605312205546,0.7605489546065253,0.7158287560518544,0.8944113905626706,0.8435888136739209,0.8785851265134474,0.8606278531198811,0.7628720167624367,0.7173968584824078,drop_duplicates
11,test_w20-23,7.5,0.8663508950377735,0.8628770670770979,0.8504144471982802,0.8646932082000797,0.7992977768704908,0.8969255575502794,0.8719044028285837,0.8614924006332276,0.8732628140165465,0.8629993951185766,0.8786617996389243,0.006267021574683686,0.338945088834104,0.8622234260808123,0.009414521398503246,0.3418882691009197,0.8751268237683619,0.007772275773976158,0.3590958961245561,0.762188316319852,0.7115912436052501,0.761912567520495,0.7125905653964637,0.8915458471952946,0.8428412257528852,0.8760743871443668,0.85700953422176,0.7638636328103197,0.7140471460832226,drop_duplicates
11,test_w24-27,11.5,0.8448250209218109,0.8507915260226817,0.8281288058633558,0.8530387233347991,0.7645434312245166,0.8784901503051652,0.8583146492774147,0.8447258346340656,0.8597583018036734,0.8451230542472945,0.8465315011020366,0.01208813558809313,0.41632615109180116,0.8334379349557648,0.011373074877960326,0.39487550473856337,0.8433416963909,0.01371446212818261,0.4350431483113776,0.7505229964066376,0.6997065208535912,0.7522146733612323,0.7022771832803132,0.8874786536380155,0.840402645686886,0.8720885769970594,0.8524650051143494,0.7535378108343775,0.7035548547503957,drop_duplicates
11,test_w28-31,15.5,0.8333122623298675,0.83658741647023,0.8079352369000623,0.8395168945573517,0.7348875024110284,0.8577154223677357,0.8377036874217054,0.822663564893945,0.8400418237169607,0.8233442312641139,0.7859468262484607,0.022480687167476428,0.6185064705304603,0.7725537788591726,0.01980261089138801,0.5209391827276245,0.7779678636268283,0.02539801262509934,0.6069104746804931,0.7477547289780444,0.6931850684919068,0.7506821954693214,0.6965425214820611,0.8754650743821021,0.825060904803397,0.8597853303259027,0.8364149322755957,0.7526190692161824,0.6978585780704097,drop_duplicates
11,test_w32-35,19.5,0.8188221622664665,0.8218338285472401,0.7903820977621635,0.8235194070695004,0.7161561338498398,0.8416406701916327,0.8195555107205044,0.8057102932936593,0.8203088210033967,0.8071663989393428,0.74458243121495,0.04169675019906884,0.7929375130471558,0.7308669322634465,0.034700876944296036,0.6677526648148047,0.7371413244231296,0.045380700023019895,0.7936913570501914,0.7425258319129997,0.6833328609748244,0.7447782630774425,0.6867230648457886,0.8595414420473599,0.8073185657334075,0.84376629736127,0.8171915479876612,0.7479441479436207,0.6888853132670989,drop_duplicates
11,test_w36-39,23.5,0.8157417168416632,0.8167657415164895,0.7843284499370916,0.819278007543311,0.7235554596501719,0.8413689716022997,0.8170225163798936,0.8080338183523355,0.8167906399219794,0.8061833886026338,0.725209178334518,0.05439172322565334,0.8297499174922641,0.706398341475993,0.049589228073728245,0.7406715224684288,0.7199437106149479,0.057549883841238825,0.8444936303011791,0.7504160255329888,0.6914643887878009,0.7520155291355612,0.693122537450504,0.8565672481622442,0.8007674195360506,0.8408122507774713,0.8092742644836457,0.7540864383982168,0.6949324476742111,drop_duplicates
11,test_w40-43,27.5,0.8070367890589687,0.8099302298098803,0.7705527276765982,0.8134561754802484,0.7107594672891452,0.8319928859183112,0.8092767886856389,0.7983754272173211,0.8098449792376865,0.7965141139071874,0.7216279254180583,0.058725216887139796,0.8795001520281447,0.7030662272539582,0.05327100662099668,0.7840090185131814,0.717311216352678,0.06202436769023528,0.8916567183043528,0.7522920209519471,0.6957156407883434,0.7556046820026409,0.6988399638732015,0.8570775330979755,0.8019922931721053,0.8415116683161105,0.8113388098433625,0.7548746127383377,0.6982367002569763,drop_duplicates
11,test_w44-47,31.5,0.7899777128196921,0.793627117562035,0.7563041663239075,0.7961160036294695,0.7023950248089513,0.8136169814538604,0.7973849417731464,0.7831479927961742,0.7970764732532607,0.782383810413112,0.6925101122930567,0.07016155839777317,1.0789985634888746,0.6751348921690441,0.06441348432683619,0.9519295276458584,0.6867601232518475,0.07290532097848905,1.1144330737176955,0.7578217971189113,0.6992487311788012,0.760837726997718,0.7026022023820478,0.8510406248814485,0.7909533655294629,0.8362398672321352,0.8000002318032295,0.7604903379559689,0.7027623655460585,drop_duplicates
11,test_w48-51,35.333333333333336,0.7882922484128027,0.7959764006135794,0.756455826413145,0.7978475359705558,0.7082404818879615,0.8111121099719455,0.8011146257721703,0.7830803831549819,0.8001217861352935,0.7837689722034318,0.6836417482560335,0.08017508995691527,1.1742695737360767,0.6686782839160805,0.07050976065570959,1.0211982987349195,0.6744419802865256,0.08095552414159825,1.215350811332356,0.7504966552880861,0.6862935550213913,0.7520652201893989,0.6886486068163804,0.845230395799361,0.7845401144069292,0.8303352483118359,0.7910420306321835,0.7512184563296539,0.6889365388199642,drop_duplicates
24,test_w29-32,3.5,0.8781192358603923,0.8764311309114832,0.8585735722122356,0.8726004721218001,0.7700149595549725,0.9049535170344818,0.878402769728476,0.8771920199328878,0.8810135630884411,0.8739707752413624,0.8852587574789228,0.007662232554505618,0.25688498355342115,0.875032067769672,0.013445781844019952,0.2702945437237378,0.8861019673910486,0.008042743550980563,0.25790840253969816,0.7453112637670296,0.7067421841439105,0.7439057609232059,0.7069233830412387,0.8883087665951297,0.8336669189252843,0.8679125194820431,0.8552834757196457,0.7506775854236243,0.71333232229705,drop_duplicates
24,test_w33-36,7.5,0.860443650903573,0.8574925188354925,0.837983655091987,0.8548713387247835,0.7546314251645706,0.8882921611905142,0.8573165601432918,0.8586813265770143,0.8611896822442223,0.8543473874349643,0.845418360941243,0.02056918462500066,0.3634230643547563,0.8393424189965729,0.02553493310237783,0.377578942049169,0.848632013561549,0.019932854898013847,0.3642406069186455,0.7325240392702993,0.6984468353887471,0.7298293863718459,0.6973593319461637,0.8763016883394277,0.821956229390004,0.8567150934646441,0.8428349656750154,0.737660396981213,0.7058738748371063,drop_duplicates
24,test_w37-40,11.5,0.8646503699545546,0.8570769166836133,0.8321254823653708,0.8552560302186532,0.7694985272108598,0.8882192918590764,0.8513316037225398,0.8556916757260845,0.8592369624535211,0.8522424470524259,0.8256318290974494,0.029489152043072592,0.43493322749997276,0.8193717111853442,0.035050152045454884,0.45584008177208624,0.8307244389425568,0.028321326312584154,0.44090763240883,0.7495075046106654,0.713229482784373,0.7479610273630659,0.712375819537977,0.8708168990133791,0.8220622403446383,0.8505893379917724,0.8371629049789291,0.7558112767222278,0.7215686591194226,drop_duplicates
24,test_w41-44,15.5,0.8493859850853412,0.8462822994501957,0.8195437023807479,0.8434406982531257,0.7547088533382618,0.8764277206954987,0.8448528440747843,0.8466298308303397,0.8522340630230422,0.8428807959935269,0.8152228446222752,0.03429516886085412,0.5006554826699507,0.8108758025709184,0.03841088949549395,0.5059824159404015,0.8195453912415888,0.03313243270350942,0.5077325193923254,0.7492635665599305,0.7123830776222743,0.7479682465775205,0.7123911955121067,0.8743281656381826,0.8252413674533641,0.8560046530029257,0.8436109583948932,0.7557434416969807,0.7207169738618311,drop_duplicates
24,test_w45-48,19.5,0.8290474758107808,0.8254233082228506,0.7971880473068444,0.8236270420946048,0.7349389285669965,0.8569723952842786,0.8248642643044171,0.8224947806705374,0.8341870737244129,0.8194556009517027,0.7782691586547366,0.04893060816568809,0.6932339651942038,0.7813668096788775,0.04956957485815369,0.6712272032672716,0.7858895732056521,0.048071371437186386,0.6917962678011794,0.7544325375218695,0.71618332319315,0.7528674803503136,0.7168406890029643,0.8685139718581327,0.8208977303067584,0.8497724579888082,0.8364494744333332,0.7591772299499518,0.7228374351975421,drop_duplicates
24,test_w49-51,23.0,0.8181839098448174,0.8131861777569498,0.7873950842952289,0.8149733426637626,0.7293800367424152,0.8451659899179887,0.8142515119565521,0.8102830735986124,0.8245470438460915,0.8095394721564195,0.7501755960090514,0.06369891144132177,0.8505030412926716,0.7520625212615959,0.06276467675734292,0.8194099962740446,0.7598258125845729,0.06359938110610916,0.8567565467926312,0.7572414875547429,0.7206218741325654,0.7560531855813498,0.7214522484523662,0.861546068385839,0.8135997814193948,0.8437114891301536,0.8289683109265588,0.7607469865559207,0.725743738547892,drop_duplicates
37,test_w42-45,3.5,0.8749538820568878,0.8748476261880294,0.8568391005683973,0.8749632029623253,0.7592408163521456,0.9096495978620164,0.8895078752324137,0.8835074513839096,0.8900233389775835,0.8816237746350419,0.9140707699755721,0.005412731690911533,0.2618921514801073,0.9068781399342986,0.008962480828576435,0.2700595745487702,0.9146797435977524,0.0052658407878314085,0.25061955704040195,0.7530579495396084,0.71919343495999,0.7534057626634837,0.7209211202137605,0.8928896859154256,0.8447305945966167,0.8768100802842487,0.8684758848204801,0.7542226036994896,0.7219710775846995,drop_duplicates
37,test_w46-49,7.5,0.8543782565769866,0.8521169852988831,0.8280664375421373,0.8520532326581215,0.7386844958126667,0.8871576105859525,0.8666488233709639,0.8559794543738839,0.8668727929089021,0.8574253337299569,0.8705473581408938,0.0315556531781053,0.5081306171504374,0.8636633175179902,0.028653216606433593,0.48878908675727084,0.8710730616966536,0.03241695889017883,0.4905236385140754,0.756484219899294,0.7192654842235284,0.7592180791073371,0.7236127535646943,0.8834485289022902,0.8341286972401586,0.8662080894465455,0.8553366649017593,0.7593336750106165,0.7239581588970352,drop_duplicates
37,test_w51-51,11.0,0.8288329886353487,0.8412022611083096,0.8142295433367278,0.8397248542621639,0.7228755485335167,0.8692145941677745,0.8556693058023284,0.8399355428308957,0.8563550234144494,0.8439551291062382,0.818593424947296,0.05225276645337701,0.759985930193654,0.809880798107492,0.048725205745881725,0.7434584078033466,0.8187172665405016,0.05326011500033024,0.7740519073498204,0.6964735809020213,0.6623447088262497,0.7016903288405938,0.6674876335651454,0.89704109296653,0.8430116216115681,0.8769969333429076,0.8701355897367259,0.7001731390438526,0.6671465433096497,drop_duplicates
11,test_w16-19,3.5,0.8703119706734759,0.8586837362396078,0.8584182302074956,0.8596566910262579,0.8078776495813091,0.905325659721023,0.8780877632121267,0.8744281055730067,0.878859868844122,0.8743138743032679,0.9096528625655657,0.004006371858148871,0.2442994327926901,0.9008813561207755,0.004668780265289739,0.24225155636271242,0.9091948165395909,0.0031364604354895188,0.2528590367689912,0.736446014084578,0.6884589881961699,0.7346288511297825,0.6887046419005111,0.8947687291921025,0.8399491395470926,0.8776705294628108,0.8625267402755452,0.7367699095874414,0.6901735091731713,ge5_packets
11,test_w20-23,7.5,0.8635752288398016,0.8630666667027662,0.8512310887976408,0.8647342720032434,0.7930558410256867,0.8962180606667626,0.8707524157691946,0.8604029933577856,0.8717958259014762,0.8620672960913589,0.8870592197835651,0.004516475812133781,0.3077427086812791,0.8714560903486719,0.0065197224058248255,0.30674351703693803,0.8836457969355996,0.005918994033238851,0.3281411474966744,0.7384715776694535,0.6867417077001409,0.7385050183979707,0.6884349591229966,0.8926722086840343,0.841433804857531,0.8761055001992473,0.8603181441690254,0.7401331692507854,0.689531490742631,ge5_packets
11,test_w24-27,11.5,0.8404340482879624,0.8489136263886191,0.8275082585422179,0.8510614223896775,0.7561183210785967,0.8765507771368575,0.8556612324895847,0.842300634288012,0.8565117269251787,0.8423558680550807,0.8532408194904101,0.010001055259472492,0.379900482499701,0.8407585074849542,0.008311215586096127,0.35428175929156447,0.8500667325730592,0.011677859625945149,0.3974715688646676,0.7279771842238995,0.6766237688604011,0.730429138044829,0.6802855726128988,0.8891714929902461,0.8402005406193931,0.872930348336205,0.8563141676001149,0.7311495981058936,0.6807900005524633,ge5_packets
11,test_w28-31,15.5,0.8359072157097478,0.841787822474348,0.8124187983917847,0.8448296279498076,0.7353479775799637,0.862201180648057,0.8424692614507012,0.8264107510365031,0.8445162544158235,0.8262317373058888,0.7933215923557051,0.019889422836808206,0.5688624267141883,0.7798630580977239,0.014913546879713743,0.4661706090823157,0.7854948278414045,0.022721122183347,0.5567074845461147,0.7376917020652863,0.6846195429248153,0.7410808395892602,0.688624907984827,0.8774017969788541,0.8280462901679252,0.8612747077469981,0.8410240198893926,0.7423781457794829,0.6892973957054306,ge5_packets
11,test_w32-35,19.5,0.8222204746399384,0.8268371910224808,0.7945319086004375,0.8285252038423869,0.7164390020987995,0.8460098556983912,0.823310564112087,0.8089085803364429,0.8238240044638401,0.8095566639074918,0.7518861723407008,0.03635097411106453,0.7296503107109757,0.7376801250109004,0.026675950607149553,0.5980247649233199,0.744017528157825,0.040113690710457846,0.7231683348162465,0.7338136940130723,0.6752798768895942,0.7361577520916113,0.678916639289028,0.8609899006737902,0.8093775193786522,0.8449707605921646,0.820711925773032,0.7392572407708947,0.6809466280112225,ge5_packets
11,test_w36-39,23.5,0.8210216667279148,0.8213021471968683,0.7884204905227068,0.8233310403941639,0.7220441330286438,0.8456169983031858,0.8171576067758948,0.8088361204425464,0.816717932088364,0.8063129924183811,0.7330104291112708,0.0472963185325593,0.7659214233948766,0.7138773401265075,0.039767894957548774,0.6708928124416584,0.727430754985619,0.050823437384065,0.7715847636615407,0.7400887907190026,0.6806513393079033,0.7415462647518839,0.6825884649703986,0.8582077350101267,0.8017211780061579,0.8429495965746887,0.8127422524652891,0.743866952750307,0.6841694418712384,ge5_packets
11,test_w40-43,27.5,0.8136735343252787,0.817198184758867,0.7772086190735732,0.8203716972615573,0.7134200779076939,0.8374367611987852,0.8126883168651274,0.8021606861719622,0.813138930347821,0.799346707580556,0.7313904396259071,0.05308338099415008,0.8200729801564655,0.7113688584254698,0.0450253320494924,0.7172006802757045,0.7262300468223538,0.05690743688124805,0.8233758716837261,0.746226705660072,0.6897471789530403,0.7494807594757025,0.6930151890658709,0.8583836276195446,0.8031105589491887,0.8431572981841962,0.8139345316671394,0.7487934960463345,0.6922011426816752,ge5_packets
11,test_w44-47,31.5,0.7941434741824773,0.7982384362238085,0.7608974469865789,0.8006784406306695,0.703836613384069,0.8180864909256148,0.7992910529242985,0.7865647480748438,0.7987635588776855,0.7841089761787134,0.7027834920107243,0.06401656380577277,1.0102784206805755,0.6842313515874338,0.05529311525597673,0.873366238069924,0.6963146085322283,0.06734585962263119,1.0398704721409853,0.7494128878290315,0.691465050389496,0.752711788992197,0.6952301909297204,0.8527530862898243,0.7937207181631233,0.8380434033984716,0.8041472125005609,0.7521000742976293,0.6952128121333311,ge5_packets
11,test_w48-51,35.333333333333336,0.7944492256076737,0.8032808036754031,0.7622324616445362,0.8051106086018107,0.7099461033884253,0.816675450661608,0.8041691192932805,0.7859872316340337,0.8034254676827757,0.7851872486648134,0.6945572317496183,0.07296162745232021,1.0873516407816972,0.6783001490881946,0.060345171908271426,0.9229857787892357,0.6845570125944627,0.07468561293989807,1.123569639778568,0.74458616919208,0.6821270532223838,0.7467313015779,0.6849738624937589,0.8468008152857233,0.7873587818161655,0.8324339972189642,0.7954831298048246,0.7454347364078299,0.684954455174734,ge5_packets
24,test_w29-32,3.5,0.8788349275805796,0.8819282600641909,0.8621976931994226,0.878268128630667,0.7645928303397844,0.9092551185399032,0.8851840166023242,0.8821600103696688,0.8877330839001849,0.878676357319685,0.8904819360942174,0.006763242782305622,0.2270877276830148,0.881042460526026,0.010677076203930842,0.2386845903324769,0.8913946981936516,0.007093155028735914,0.22821683353193978,0.7274698616820183,0.6930339237284432,0.7254654901044891,0.6928507383008912,0.8901854602389203,0.8354102526172498,0.8692497482510484,0.8592910792905888,0.7318249655976587,0.6986889935092,ge5_packets
24,test_w33-36,7.5,0.8638645434374534,0.8635756257117768,0.8420558198263135,0.8612999631944918,0.7514404621669991,0.8949674779760939,0.8649961780538441,0.8641269551916191,0.8684466207580843,0.8604906189182269,0.8516031015473079,0.01858752456506603,0.33039108471975626,0.84706079864779,0.02152887377252011,0.3397214431710734,0.8553094270820182,0.018074311049517414,0.3310272748994676,0.7178191776522095,0.687929952442356,0.7152526186452346,0.6873672419035852,0.8799885509110007,0.8257721561929615,0.859727157752006,0.8487509768617929,0.7224695148349314,0.6950572754100774,ge5_packets
24,test_w37-40,11.5,0.8697284488905882,0.862773814464,0.8368548297044132,0.8613277631818943,0.7703381400346058,0.89436983725105,0.857086343788926,0.8598339531928645,0.8644250426156592,0.8577609823102829,0.8318924513285946,0.028183700156148888,0.4026998088383179,0.8270926637861264,0.03111340964618367,0.4179734833309802,0.8378096116299079,0.026881810036227964,0.40826869690739565,0.7395723459195302,0.7067940373168848,0.7384339922354055,0.706639790617527,0.8755428053082465,0.8273454473839473,0.8547899885090691,0.8440406398071408,0.7454885343704305,0.7148124092401695,ge5_packets
24,test_w41-44,15.5,0.8557797629434865,0.8535426126628372,0.8256495561601475,0.8510839367142528,0.7597728619047617,0.882728742630096,0.8515457142403411,0.8514983682832105,0.8585144454627713,0.848448908012367,0.8223804190831931,0.03343527543021173,0.46777766445483465,0.8193327004559656,0.03348693275069803,0.46637041390269346,0.8271856473059693,0.03248829933562809,0.4748073682510392,0.7422334251698833,0.7068496955236231,0.7408658323536774,0.7070045866071359,0.8772244208077808,0.8280279083877955,0.8584256760337122,0.8477443147269341,0.7482133249239858,0.7147918647719697,ge5_packets
24,test_w45-48,19.5,0.8351126311127369,0.8317677792847142,0.8027067459549402,0.8303085777844473,0.7386382993465244,0.8621237889268693,0.830515309231867,0.8274903709774775,0.8396461276378241,0.8244287216241977,0.7872907818448907,0.04544843722941765,0.6344420844766356,0.7918522551884072,0.0414640732753424,0.6018281437490713,0.7955601365053594,0.04389977567525022,0.6307188605924995,0.748841109819873,0.7107996224431499,0.7473112645048609,0.7114467185877508,0.8717512950879518,0.8230689331138596,0.8527169141050801,0.8404611046209227,0.7526957534457963,0.716473980822874,ge5_packets
24,test_w49-51,23.0,0.8274174724237353,0.8223073359786819,0.7943523070382238,0.8243837763154709,0.7348550887417342,0.8525335766507377,0.8218790292406095,0.8164732934097652,0.8319524147977121,0.8157229478500816,0.7602206967309674,0.0594678087898478,0.7830163985633005,0.7643226558560445,0.05294849327707625,0.7390116728482388,0.7711151207860781,0.05852781489803024,0.786560018957548,0.7544048382146789,0.7176760951658769,0.7533525408674255,0.7186955487698756,0.8658419295846346,0.8167524915986943,0.8479042302031345,0.8333656198997699,0.7570295447204238,0.7217827136175312,ge5_packets
37,test_w42-45,3.5,0.8772419932182373,0.8787775066014181,0.860817096077649,0.8787896648521558,0.7615353779587851,0.9119479583573596,0.8913372520772964,0.8859293573657087,0.8917848875713889,0.883052949245185,0.9199170011848741,0.0031401418449277002,0.2322286821822353,0.9127485791741077,0.006178036920366434,0.23572179015616795,0.9205519795225985,0.0029491521849239846,0.2224602893734527,0.7409284783046697,0.7091322501052645,0.7407304731395261,0.7102306624828205,0.8940427766208792,0.8447130397767102,0.8763429407646426,0.8699976228525307,0.7417077989007017,0.7115853262087124,ge5_packets
37,test_w46-49,7.5,0.8587257568191082,0.8578229419957348,0.8336153634788529,0.8576584155786805,0.7423900719753985,0.8904528617664252,0.8708356947840554,0.8600003090342587,0.8712317031996863,0.8605625693728218,0.8790739845314673,0.02609578879478257,0.43093082949163086,0.8723120990030548,0.020774378256339647,0.401740466647477,0.8795995251545542,0.026937308984102112,0.4166744953507626,0.7472692541254781,0.711128717376829,0.7494678233681515,0.7149095027898875,0.8845608450506413,0.8341528890090768,0.8657150350646228,0.8563101835068228,0.7499367381287587,0.7158033627968944,ge5_packets
37,test_w51-51,11.0,0.8339476260695992,0.8488341168366057,0.8196200224886767,0.8475480851017169,0.7277753151311146,0.8724504954138054,0.8614062734601877,0.8435464320151602,0.8622688790758064,0.8470631694070697,0.828435495639298,0.04726535179718144,0.6847852543154636,0.8191841276298701,0.04072936520993624,0.6565333935709246,0.8277385522686179,0.04811157012073372,0.7004551224472827,0.6780283177938065,0.6438397159208511,0.6832421405212586,0.6490362324762584,0.8969231883285124,0.8404150504524367,0.8756009349044007,0.8697442097299968,0.6818502409842624,0.6489379628794859,ge5_packets
