model,split,flows,unknown,temperature,n_known,n_unknown,accuracy,macro_f1,auroc_maha,fpr95_maha,oscr_maha,auroc_knnfeat,fpr95_knnfeat,oscr_knnfeat,ece,nll,brier,aurc,start,weeks_since
student_kdF_s0,val,all,all,,200000,53779,0.94095,0.9119531519668765,0.7499609558098885,0.873761133527957,0.711280938749326,0.8337748292549136,0.7266776994737723,0.7927695537291508,0.0025366155257821057,0.2135503739118576,0.08468000635503672,0.0041364254694369615,11,1.0
student_kdF_s0,val,all,near,,200000,10959,0.94095,0.9119531519668765,0.6327316627885756,0.956839127657633,0.603060001824984,0.6912527043982115,0.9260881467287161,0.6626006528880372,0.0025366155257821057,0.2135503739118576,0.08468000635503672,0.0041364254694369615,11,1.0
student_kdF_s0,val,all,far,,200000,42820,0.94095,0.9119531519668765,0.7799636606725828,0.8524988323213452,0.7389781187529192,0.8702507742877159,0.6756422232601588,0.8260839158103689,0.0025366155257821057,0.2135503739118576,0.08468000635503672,0.0041364254694369615,11,1.0
student_kdF_s0,val,ge5,all,,191366,52270,0.9497977697187588,0.922507225370766,0.7532111293817543,0.8761239716854793,0.7217752810885332,0.8395362325752336,0.7290415152094892,0.8062095507121244,0.0021227832452639815,0.17859596014022827,0.07238878872369975,0.0031539206336078755,11,1.0
student_kdF_s0,val,ge5,near,,191366,10483,0.9497977697187588,0.922507225370766,0.6386145276495198,0.9573595344844034,0.6149578461188889,0.700550119646739,0.9266431365067251,0.6781861614171487,0.0021227832452639815,0.17859596014022827,0.07238878872369975,0.0031539206336078755,11,1.0
student_kdF_s0,val,ge5,far,,191366,41787,0.9497977697187588,0.922507225370766,0.781959691756632,0.8557446095675688,0.7485723033870177,0.8744033305202742,0.6794696915308589,0.8383264576444056,0.0021227832452639815,0.17859596014022827,0.07238878872369975,0.0031539206336078755,11,1.0
student_kdF_s0,test_w16-19,all,all,,100000,100000,0.93203,0.9038802900458833,0.68388715065,0.91314,0.6451176537000001,0.7668692163499999,0.7884,0.7253141027,0.003345215056538564,0.2730690836906433,0.0976845121409272,0.005751728924426469,11,3.5
student_kdF_s0,test_w16-19,all,near,,100000,11980,0.93203,0.9038802900458833,0.7503160471619366,0.8486644407345576,0.7058812721202004,0.8529132487479132,0.660016694490818,0.8027439924874791,0.003345215056538564,0.2730690836906433,0.0976845121409272,0.005751728924426469,11,3.5
student_kdF_s0,test_w16-19,all,far,,100000,88020,0.93203,0.9038802900458833,0.6748458170870257,0.9219154737559645,0.6368473952510794,0.755158156271302,0.805873665076119,0.7147754742104067,0.003345215056538564,0.2730690836906433,0.0976845121409272,0.005751728924426469,11,3.5
student_kdF_s0,test_w16-19,ge5,all,,96085,89545,0.9401779674246761,0.9122025041231581,0.701500664000244,0.907085822770674,0.6681577310241955,0.7930163493023928,0.7705622871182087,0.7567493487635433,0.002456117950648572,0.24171900749206543,0.08684746101342498,0.004716358472912847,11,3.5
student_kdF_s0,test_w16-19,ge5,near,,96085,11402,0.9401779674246761,0.9122025041231581,0.7585228979044594,0.8460796351517278,0.7206888712567279,0.8677989413407196,0.650412208384494,0.8242619058870078,0.002456117950648572,0.24171900749206543,0.08684746101342498,0.004716358472912847,11,3.5
student_kdF_s0,test_w16-19,ge5,far,,96085,78143,0.9401779674246761,0.9122025041231581,0.6931804368400908,0.9159873565130594,0.6604928082424834,0.7821046730880039,0.788093623229208,0.746898457751914,0.002456117950648572,0.24171900749206543,0.08684746101342498,0.004716358472912847,11,3.5
student_kdF_s0,test_w20-23,all,all,,100000,100000,0.91884,0.8798038059331917,0.6852186916499999,0.91261,0.6394186210999999,0.76437813405,0.78632,0.7145206925000002,0.010419592113643864,0.3230418860912323,0.11744621606182626,0.008349188351893662,11,7.5
student_kdF_s0,test_w20-23,all,near,,100000,13417,0.91884,0.8798038059331917,0.759136463441902,0.8487739435045092,0.7058759007229634,0.859763270477752,0.6561079227845271,0.7992828665126332,0.010419592113643864,0.3230418860912323,0.11744621606182626,0.008349188351893662,11,7.5
student_kdF_s0,test_w20-23,all,far,,100000,86583,0.91884,0.8798038059331917,0.6737643097952254,0.9225021078040724,0.6291203255835441,0.749597144993821,0.8064978113486481,0.7013858497626556,0.010419592113643864,0.3230418860912323,0.11744621606182626,0.008349188351893662,11,7.5
student_kdF_s0,test_w20-23,ge5,all,,95941,89776,0.9263818388384528,0.8865829295139247,0.7040571920402219,0.9063335412582427,0.6628791330396648,0.7919629472088133,0.7696711816075565,0.7465332061582262,0.010569672713675779,0.2963152527809143,0.10730146839649202,0.007088642022692461,11,7.5
student_kdF_s0,test_w20-23,ge5,near,,95941,12762,0.9263818388384528,0.8865829295139247,0.7674934116781186,0.8461056260774173,0.7202052172138175,0.8740091643260204,0.6477041216110327,0.8195139448663502,0.010569672713675779,0.2963152527809143,0.10730146839649202,0.007088642022692461,11,7.5
student_kdF_s0,test_w20-23,ge5,far,,95941,77014,0.9263818388384528,0.8865829295139247,0.6935451677976316,0.916313916950165,0.6533796201429116,0.7783670578529847,0.789882359051601,0.7344395584137502,0.010569672713675779,0.2963152527809143,0.10730146839649202,0.007088642022692461,11,7.5
student_kdF_s0,test_w24-27,all,all,,100000,100000,0.90714,0.8397800866570074,0.6866749038000001,0.91005,0.6354510942,0.7596786853999999,0.80434,0.7049195947000001,0.015010129129439581,0.40431585907936096,0.13550687851964718,0.010814166923565637,11,11.5
student_kdF_s0,test_w24-27,all,near,,100000,12494,0.90714,0.8397800866570074,0.7459614170801986,0.8544901552745318,0.6879882879782295,0.8494617324315672,0.6936129342084201,0.7836447390747558,0.015010129129439581,0.40431585907936096,0.13550687851964718,0.010814166923565637,11,11.5
student_kdF_s0,test_w24-27,all,far,,100000,87506,0.90714,0.8397800866570074,0.678210047711014,0.9179827668959842,0.6279498977212992,0.7468595714008183,0.8201494754645395,0.6936793145612872,0.015010129129439581,0.40431585907936096,0.13550687851964718,0.010814166923565637,11,11.5
student_kdF_s0,test_w24-27,ge5,all,,96204,89771,0.9135171094756975,0.8442205984170715,0.7049529385452274,0.9033540898508426,0.6574546425087421,0.7871344414338336,0.7894086063428056,0.7357189191212873,0.015074759220837605,0.3767170011997223,0.12670089024256334,0.009631098121804866,11,11.5
student_kdF_s0,test_w24-27,ge5,near,,96204,11977,0.9135171094756975,0.8442205984170715,0.7524615887747124,0.8517992819570844,0.6997099259173196,0.8620260832173701,0.6890707188778492,0.8013632897630316,0.015074759220837605,0.3767170011997223,0.12670089024256334,0.009631098121804866,11,11.5
student_kdF_s0,test_w24-27,ge5,far,,96204,77794,0.9135171094756975,0.8442205984170715,0.6976386070569566,0.911291359230789,0.6509491082852218,0.7756042823773328,0.8048564156618763,0.7256124504067826,0.015074759220837605,0.3767170011997223,0.12670089024256334,0.009631098121804866,11,11.5
student_kdF_s0,test_w28-31,all,all,,100000,100000,0.88381,0.7757923445151756,0.6893459452000001,0.90234,0.6250120609,0.7667889928,0.80541,0.6971862793,0.025932648358121514,0.6204988956451416,0.1705390091628662,0.01691396701017731,11,15.5
student_kdF_s0,test_w28-31,all,near,,100000,15990,0.88381,0.7757923445151756,0.7409738667917449,0.8687929956222639,0.6692342545340838,0.8352150609756097,0.7233896185115697,0.7549169831144464,0.025932648358121514,0.6204988956451416,0.1705390091628662,0.01691396701017731,11,15.5
student_kdF_s0,test_w28-31,all,far,,100000,84010,0.88381,0.7757923445151756,0.679519371384359,0.9087251517676467,0.6165950524937508,0.7537651524223307,0.8210213069872634,0.6861981355790977,0.025932648358121514,0.6204988956451416,0.1705390091628662,0.01691396701017731,11,15.5
student_kdF_s0,test_w28-31,ge5,all,,95576,94669,0.8902444128233029,0.7805132634190112,0.6931306682235764,0.9006432940033168,0.634499468808223,0.7757221821936633,0.801540102884788,0.711623413443282,0.025971322612497242,0.5921671390533447,0.16196381317211145,0.015496662014089863,11,15.5
student_kdF_s0,test_w28-31,ge5,near,,95576,15420,0.8902444128233029,0.7805132634190112,0.7451809603553828,0.8679636835278859,0.6792941828191242,0.8451986624316846,0.7229571984435798,0.770476182120622,0.025971322612497242,0.5921671390533447,0.16196381317211145,0.015496662014089863,11,15.5
student_kdF_s0,test_w28-31,ge5,far,,95576,79249,0.8902444128233029,0.7805132634190112,0.6830028999908864,0.9070019810975533,0.6257834662082142,0.762203685742348,0.8168304962838647,0.7001720425363359,0.025971322612497242,0.5921671390533447,0.16196381317211145,0.015496662014089863,11,15.5
student_kdF_s0,test_w32-35,all,all,,100000,100000,0.85548,0.738787645581824,0.68694804465,0.9014,0.6077469306,0.7545396573500001,0.81819,0.6685073302000002,0.044132238284200404,0.7555246353149414,0.20997868575161446,0.02402686389312294,11,19.5
student_kdF_s0,test_w32-35,all,near,,100000,16559,0.85548,0.738787645581824,0.7483347475692976,0.8614046741953016,0.6582770928196147,0.835103012561145,0.733438009541639,0.7339852026088532,0.044132238284200404,0.7555246353149414,0.20997868575161446,0.02402686389312294,11,19.5
student_kdF_s0,test_w32-35,all,far,,100000,83441,0.85548,0.738787645581824,0.6747657552042761,0.9093371364197457,0.5977191390323702,0.7385517305641112,0.835009168154744,0.6555131416210256,0.044132238284200404,0.7555246353149414,0.20997868575161446,0.02402686389312294,11,19.5
student_kdF_s0,test_w32-35,ge5,all,,95262,94615,0.8632088345825197,0.7435807094700488,0.6898383845452921,0.8998573164931565,0.6165693942078795,0.762322831278391,0.8161390899963008,0.6831066963678138,0.042322191546695434,0.7129441499710083,0.19913718309103406,0.02202315680424264,11,19.5
student_kdF_s0,test_w32-35,ge5,near,,95262,16006,0.8632088345825197,0.7435807094700488,0.7513774515856547,0.8616143946020243,0.6677278502033888,0.8446280588345536,0.7357241034612021,0.7503563503286529,0.042322191546695434,0.7129441499710083,0.19913718309103406,0.02202315680424264,11,19.5
student_kdF_s0,test_w32-35,ge5,far,,95262,78609,0.8632088345825197,0.7435807094700488,0.6773080851260392,0.9076441628821127,0.6061527466654337,0.745564222566107,0.8325128165986083,0.6694136337248954,0.042322191546695434,0.7129441499710083,0.19913718309103406,0.02202315680424264,11,19.5
student_kdF_s0,test_w36-39,all,all,,100000,100000,0.83552,0.7237003031547902,0.6572538549,0.90713,0.5688956722,0.7188505141499999,0.84594,0.6232688125,0.058048835933059414,0.8125462532043457,0.23752806435730037,0.030514839255685856,11,23.5
student_kdF_s0,test_w36-39,all,near,,100000,12548,0.83552,0.7237003031547902,0.7347918584635001,0.866432897672936,0.6317466456805866,0.8229140181702264,0.7570927637870577,0.7072187360535543,0.058048835933059414,0.8125462532043457,0.23752806435730037,0.030514839255685856,11,23.5
student_kdF_s0,test_w36-39,all,far,,100000,87452,0.83552,0.7237003031547902,0.6461283589855006,0.9129694003567671,0.5598775363628047,0.7039190220349449,0.8586881946667886,0.6112233059278233,0.058048835933059414,0.8125462532043457,0.23752806435730037,0.030514839255685856,11,23.5
student_kdF_s0,test_w36-39,ge5,all,,95184,91735,0.8458039166246428,0.7296435140412773,0.6700318669978222,0.9048345778601407,0.5865846071075811,0.7379378665258134,0.8401482531204012,0.6496763992546776,0.05365751802659544,0.7628205418586731,0.22350498522176063,0.027732312648673492,11,23.5
student_kdF_s0,test_w36-39,ge5,near,,95184,12085,0.8458039166246428,0.7296435140412773,0.7407572176213301,0.86934215970211,0.6448802321456278,0.8333211517141322,0.7597848572610675,0.7267380164858753,0.05365751802659544,0.7628205418586731,0.22350498522176063,0.027732312648673492,11,23.5
student_kdF_s0,test_w36-39,ge5,far,,95184,79650,0.8458039166246428,0.7296435140412773,0.6593009710494844,0.9102197112366603,0.5777396274643319,0.7234657133368514,0.8523414940364092,0.6379841250018334,0.05365751802659544,0.7628205418586731,0.22350498522176063,0.027732312648673492,11,23.5
student_kdF_s0,test_w40-43,all,all,,100000,100000,0.82837,0.7203466996182385,0.6609956179,0.90123,0.5643856983,0.72432173265,0.8323,0.6214398965,0.06335305475726725,0.86702960729599,0.24869975507808698,0.03334785821245361,11,27.5
student_kdF_s0,test_w40-43,all,near,,100000,10904,0.82837,0.7203466996182385,0.730467663701394,0.8788517975055026,0.6206800275128395,0.8220284987160675,0.7542186353631695,0.6997817323917829,0.06335305475726725,0.86702960729599,0.24869975507808698,0.03334785821245361,11,27.5
student_kdF_s0,test_w40-43,all,far,,100000,89096,0.82837,0.7203466996182385,0.6524932924598187,0.9039687528059621,0.5574961256397594,0.7123639053941816,0.8418559755769058,0.6118520431893688,0.06335305475726725,0.86702960729599,0.24869975507808698,0.03334785821245361,11,27.5
student_kdF_s0,test_w40-43,ge5,all,,95288,93977,0.8377445218705398,0.7270972155963651,0.6663532996479193,0.9017312746735904,0.5755291652820624,0.7335818350634772,0.8285857177820105,0.6385529124794643,0.060233670980302426,0.8174672722816467,0.23601467077151078,0.030665087965870926,11,27.5
student_kdF_s0,test_w40-43,ge5,near,,95288,10557,0.8377445218705398,0.7270972155963651,0.7334701173277445,0.8840579710144928,0.6307916403722608,0.8299895385224508,0.7553282182438192,0.7162184521704489,0.060233670980302426,0.8174672722816467,0.23601467077151078,0.030665087965870926,11,27.5
student_kdF_s0,test_w40-43,ge5,far,,95288,83420,0.8377445218705398,0.7270972155963651,0.6578595062620896,0.9039678734116519,0.56853556722971,0.7213812102083299,0.83785662910573,0.6287241531589449,0.060233670980302426,0.8174672722816467,0.23601467077151078,0.030665087965870926,11,27.5
student_kdF_s0,test_w44-47,all,all,,100000,100000,0.80584,0.6883872245638557,0.6323567714499999,0.91038,0.5301298861999999,0.6996106053500001,0.8518,0.5900330306,0.07394967672303321,1.093023657798767,0.28589532321202504,0.043833966576478735,11,31.5
student_kdF_s0,test_w44-47,all,near,,100000,10628,0.80584,0.6883872245638557,0.7120012763455025,0.8933007150922092,0.5926258552879188,0.8054036916635303,0.7753105005645465,0.6720429309371472,0.07394967672303321,1.093023657798767,0.28589532321202504,0.043833966576478735,11,31.5
student_kdF_s0,test_w44-47,all,far,,100000,89372,0.80584,0.6883872245638557,0.622885552298259,0.9124110459651793,0.522697948238822,0.6870298314908473,0.860896030076534,0.580280521751779,0.07394967672303321,1.093023657798767,0.28589532321202504,0.043833966576478735,11,31.5
student_kdF_s0,test_w44-47,ge5,all,,94936,92436,0.8147804836942782,0.6949562454270652,0.6408091016176766,0.9094400450041109,0.5430206047276626,0.7109799737138656,0.84824094508633,0.6083012118281849,0.07064426587123099,1.0312988758087158,0.2732100173941439,0.04049753381629342,11,31.5
student_kdF_s0,test_w44-47,ge5,near,,94936,10310,0.8147804836942782,0.6949562454270652,0.7128977354042871,0.8961202715809893,0.6004783231576418,0.8096864944984734,0.7818622696411252,0.6850977016360686,0.07064426587123099,1.0312988758087158,0.2732100173941439,0.04049753381629342,11,31.5
student_kdF_s0,test_w44-47,ge5,far,,94936,82126,0.8147804836942782,0.6949562454270652,0.6317591805897442,0.9111121934588315,0.5358074313475748,0.698588474927984,0.8565740447604899,0.5986602721754649,0.07064426587123099,1.0312988758087158,0.2732100173941439,0.04049753381629342,11,31.5
student_kdF_s0,test_w48-51,all,all,,100000,100000,0.79673,0.6763688369066352,0.6253632499499999,0.91582,0.5224126567999999,0.69872320275,0.85964,0.5875399416000001,0.08450237945377828,1.2000224590301514,0.3008118026186694,0.04539550759490069,11,35.333333333333336
student_kdF_s0,test_w48-51,all,near,,100000,10972,0.79673,0.6763688369066352,0.7065288456981407,0.8869850528618302,0.5843903508931827,0.8121985772876412,0.7662231133795114,0.6729575637987604,0.08450237945377828,1.2000224590301514,0.3008118026186694,0.04539550759490069,11,35.333333333333336
student_kdF_s0,test_w48-51,all,far,,100000,89028,0.79673,0.6763688369066352,0.6153602293660423,0.9193736801905019,0.5147743940108731,0.6847382563350857,0.871152895718201,0.5770128922361505,0.08450237945377828,1.2000224590301514,0.3008118026186694,0.04539550759490069,11,35.333333333333336
student_kdF_s0,test_w48-51,ge5,all,,94668,93780,0.8070097604259094,0.6833795499146716,0.6287546104146406,0.9162827895073576,0.5319704467995967,0.7034312523041879,0.8586159095756025,0.6019906969581849,0.0796150230567001,1.1102420091629028,0.2846349780355785,0.04089158921434658,11,35.333333333333336
student_kdF_s0,test_w48-51,ge5,near,,94668,10675,0.8070097604259094,0.6833795499146716,0.7063107015974673,0.8907728337236533,0.5921177285262367,0.81541130848604,0.771615925058548,0.6866266530467774,0.0796150230567001,1.1102420091629028,0.2846349780355785,0.04089158921434658,11,35.333333333333336
student_kdF_s0,test_w48-51,ge5,far,,94668,83105,0.8070097604259094,0.6833795499146716,0.6187923786190006,0.9195595932856026,0.524244410671423,0.689047194789703,0.869791227964623,0.591119042650433,0.0796150230567001,1.1102420091629028,0.2846349780355785,0.04089158921434658,11,35.333333333333336
student_kdF_s1,val,all,all,,200000,53779,0.941225,0.9129381774494745,0.7482694008348985,0.9065434463266331,0.7101032225403968,0.8395734601331375,0.7412186913107347,0.798611891537589,0.002667663332410194,0.20973999798297882,0.08351687623254933,0.004034412470947936,11,1.0
student_kdF_s1,val,all,near,,200000,10959,0.941225,0.9129381774494745,0.6634437555890136,0.9244456611004653,0.6317037653983029,0.7077280721324938,0.9196094534172826,0.6784499379505426,0.002667663332410194,0.20973999798297882,0.08351687623254933,0.004034412470947936,11,1.0
student_kdF_s1,val,all,far,,200000,42820,0.941225,0.9129381774494745,0.7699789815506772,0.9019617001401214,0.7301681373190096,0.8733168886034564,0.69556282111163,0.8293651575198505,0.002667663332410194,0.20973999798297882,0.08351687623254933,0.004034412470947936,11,1.0
student_kdF_s1,val,ge5,all,,191366,52270,0.9500956282725249,0.9234898016209528,0.7507669905996449,0.9093170078438875,0.719968144363634,0.8455493291460855,0.7460684905299407,0.8123647062154159,0.002665789297779632,0.17459355294704437,0.07125141740982613,0.0030688503737891317,11,1.0
student_kdF_s1,val,ge5,near,,191366,10483,0.9500956282725249,0.9234898016209528,0.6689919283363199,0.9256892111036917,0.6435089102976328,0.7178236372031402,0.9198702661451874,0.6950249247518971,0.002665789297779632,0.17459355294704437,0.07125141740982613,0.0030688503737891317,11,1.0
student_kdF_s1,val,ge5,far,,191366,41787,0.9500956282725249,0.9234898016209528,0.7712816955965682,0.9052097542297843,0.7391492808585699,0.8775915534894914,0.7024672745112116,0.8418014432169252,0.002665789297779632,0.17459355294704437,0.07125141740982613,0.0030688503737891317,11,1.0
student_kdF_s1,test_w16-19,all,all,,100000,100000,0.93302,0.9030723639626848,0.6981504414499999,0.89849,0.6586263928000001,0.7747613936500001,0.78745,0.7333859447000002,0.0037664016334712867,0.29518917202949524,0.0957548721993581,0.005417165570381625,11,3.5
student_kdF_s1,test_w16-19,all,near,,100000,11980,0.93302,0.9030723639626848,0.7538307779632722,0.8616026711185308,0.7094889257095159,0.8488219027545909,0.6810517529215359,0.8001474023372288,0.0037664016334712867,0.29518917202949524,0.0957548721993581,0.005417165570381625,11,3.5
student_kdF_s1,test_w16-19,all,far,,100000,88020,0.93302,0.9030723639626848,0.6905720452738013,0.9035105657805045,0.6517037258577597,0.7646813561690524,0.8019313792319928,0.7242993477618723,0.0037664016334712867,0.29518917202949524,0.0957548721993581,0.005417165570381625,11,3.5
student_kdF_s1,test_w16-19,ge5,all,,96085,89545,0.9408752666909507,0.9111668788710547,0.7242147659169048,0.8913953877938466,0.6893389104311568,0.8021173698756829,0.770271930314367,0.7657866691538242,0.0032069321324973274,0.2654252350330353,0.08512819120522068,0.00443122898734514,11,3.5
student_kdF_s1,test_w16-19,ge5,near,,96085,11402,0.9408752666909507,0.9111668788710547,0.7627495144794152,0.8598491492720576,0.724688487270866,0.8614214804637518,0.6771619014208033,0.8192515941396499,0.0032069321324973274,0.2654252350330353,0.08512819120522068,0.00443122898734514,11,3.5
student_kdF_s1,test_w16-19,ge5,far,,96085,78143,0.9408752666909507,0.9111668788710547,0.7185920843829255,0.8959983619774005,0.6841809836158776,0.7934641895661843,0.7838577991630729,0.7579854959881104,0.0032069321324973274,0.2654252350330353,0.08512819120522068,0.00443122898734514,11,3.5
student_kdF_s1,test_w20-23,all,all,,100000,100000,0.91623,0.8789794309441276,0.69632141615,0.90065,0.6467578861,0.7686860042,0.78757,0.7154802147999999,0.013552336046695748,0.3705800473690033,0.12153264201204031,0.00897756548752437,11,7.5
student_kdF_s1,test_w20-23,all,near,,100000,13417,0.91623,0.8789794309441276,0.7484624502496833,0.8607736453752701,0.6933705075650296,0.8510784922113737,0.6988149362748751,0.7887385898486995,0.013552336046695748,0.3705800473690033,0.12153264201204031,0.00897756548752437,11,7.5
student_kdF_s1,test_w20-23,all,far,,100000,86583,0.91623,0.8789794309441276,0.6882415822967557,0.9068292851945532,0.6395347413464537,0.7559183706963261,0.8013235854613492,0.7041280138133351,0.013552336046695748,0.3705800473690033,0.12153264201204031,0.00897756548752437,11,7.5
student_kdF_s1,test_w20-23,ge5,all,,95941,89776,0.9232966093745114,0.886115578919974,0.7222961025844221,0.8930783282837284,0.6762853372971375,0.7973950924926569,0.7712974514346819,0.7478927166846108,0.01403827955288272,0.34651878476142883,0.11184563360275189,0.007725813821117766,11,7.5
student_kdF_s1,test_w20-23,ge5,near,,95941,12762,0.9232966093745114,0.886115578919974,0.7557737594178875,0.8580159849553362,0.7062973853584573,0.8627195924414975,0.6933866165177872,0.8060298678345421,0.01403827955288272,0.34651878476142883,0.11184563360275189,0.007725813821117766,11,7.5
student_kdF_s1,test_w20-23,ge5,far,,95941,77014,0.9232966093745114,0.886115578919974,0.7167485156975095,0.898888513776716,0.6713120368925543,0.7865701610730825,0.7842080660659101,0.7382588017733555,0.01403827955288272,0.34651878476142883,0.11184563360275189,0.007725813821117766,11,7.5
student_kdF_s1,test_w24-27,all,all,,100000,100000,0.90267,0.8493782541259739,0.69685929495,0.90764,0.6389285144,0.7622645690500001,0.80048,0.7003264137,0.022332828934043647,0.4680514335632324,0.14219689755282666,0.012284832348709281,11,11.5
student_kdF_s1,test_w24-27,all,near,,100000,12494,0.90267,0.8493782541259739,0.7361227969425324,0.8853049463742596,0.673302409156395,0.8433887606050905,0.7209860733151913,0.7713690427405154,0.022332828934043647,0.4680514335632324,0.14219689755282666,0.012284832348709281,11,11.5
student_kdF_s1,test_w24-27,all,far,,100000,87506,0.90267,0.8493782541259739,0.6912533000022856,0.910828971727653,0.6340206516124609,0.7506817558795968,0.811830045939707,0.6901830337348297,0.022332828934043647,0.4680514335632324,0.14219689755282666,0.012284832348709281,11,11.5
student_kdF_s1,test_w24-27,ge5,all,,96204,89771,0.9087667872437737,0.8545648130473461,0.7233604997639179,0.9004355526840516,0.6675138095626137,0.7917695597443596,0.7841285047509775,0.7323122170338033,0.02236285565744634,0.4394603967666626,0.13384467849691917,0.011053291433494719,11,11.5
student_kdF_s1,test_w24-27,ge5,near,,96204,11977,0.9087667872437737,0.8545648130473461,0.7422431933495306,0.8842781998831093,0.6841180664461985,0.8544336570529741,0.7184603823995992,0.7872388059123772,0.02236285565744634,0.4394603967666626,0.13384467849691917,0.011053291433494719,11,11.5
student_kdF_s1,test_w24-27,ge5,far,,96204,77794,0.9087667872437737,0.8545648130473461,0.7204533601249369,0.90292310460961,0.664957453228003,0.7821219276202205,0.7942386302285523,0.7238558353719956,0.02236285565744634,0.4394603967666626,0.13384467849691917,0.011053291433494719,11,11.5
student_kdF_s1,test_w28-31,all,all,,100000,100000,0.87518,0.7855721076905094,0.7019649623499999,0.90439,0.6261141066000001,0.77477223245,0.81102,0.6922683355,0.03792379881188271,0.6928575038909912,0.18209970150267435,0.018870204733948508,11,15.5
student_kdF_s1,test_w28-31,all,near,,100000,15990,0.87518,0.7855721076905094,0.7258438111319574,0.8974358974358975,0.6461687191994998,0.8311414699812383,0.7802376485303315,0.7396178499061913,0.03792379881188271,0.6928575038909912,0.18209970150267435,0.018870204733948508,11,15.5
student_kdF_s1,test_w28-31,all,far,,100000,84010,0.87518,0.7855721076905094,0.6974199939888108,0.905713605523152,0.6222970222592549,0.7640432227115819,0.8168789429829783,0.6832560901083204,0.03792379881188271,0.6928575038909912,0.18209970150267435,0.018870204733948508,11,15.5
student_kdF_s1,test_w28-31,ge5,all,,95576,94669,0.8814451326692894,0.7907411468910519,0.7084281217770222,0.9029460541465527,0.6371236738992979,0.7832085645509319,0.8097159577052678,0.7056853047832288,0.03785366451612044,0.6597676277160645,0.17362588138683452,0.01733236333632274,11,15.5
student_kdF_s1,test_w28-31,ge5,near,,95576,15420,0.8814451326692894,0.7907411468910519,0.7300256940321266,0.8974059662775616,0.6554163474878293,0.8397632480116188,0.78378728923476,0.7534030781161978,0.03785366451612044,0.6597676277160645,0.17362588138683452,0.01733236333632274,11,15.5
student_kdF_s1,test_w28-31,ge5,far,,95576,79249,0.8814451326692894,0.7907411468910519,0.7042257398646485,0.9040240255397545,0.6335643478922172,0.7722043472237252,0.8147610695403097,0.6964005432746371,0.03785366451612044,0.6597676277160645,0.17362588138683452,0.01733236333632274,11,15.5
student_kdF_s1,test_w32-35,all,all,,100000,100000,0.85184,0.7420609515413321,0.6970256885499999,0.89502,0.6131989144999999,0.7619535639,0.81975,0.6691378318999999,0.04954862601667646,0.8597172498703003,0.21673487089672458,0.024824539275470216,11,19.5
student_kdF_s1,test_w32-35,all,near,,100000,16559,0.85184,0.7420609515413321,0.7313912727217827,0.8937133884896431,0.6414744211606981,0.8299268802463917,0.7917748656319826,0.7243148058457636,0.04954862601667646,0.8597172498703003,0.21673487089672458,0.024824539275470216,11,19.5
student_kdF_s1,test_w32-35,all,far,,100000,83441,0.85184,0.7420609515413321,0.6902057833678887,0.895279299145504,0.6075875949473281,0.7484641504775829,0.825301710190434,0.6581878731079445,0.04954862601667646,0.8597172498703003,0.21673487089672458,0.024824539275470216,11,19.5
student_kdF_s1,test_w32-35,ge5,all,,95262,94615,0.8595557515063719,0.7469956943421879,0.703200750374273,0.8945516038683085,0.6242013239510155,0.7695317932050505,0.817978121862284,0.6833098092611276,0.04698439295697946,0.8095194101333618,0.20516221504028018,0.022638558990700088,11,19.5
student_kdF_s1,test_w32-35,ge5,near,,95262,16006,0.8595557515063719,0.7469956943421879,0.7351211427682246,0.8973509933774835,0.6509014677588324,0.8381562449866818,0.7955766587529677,0.7393454596513668,0.04698439295697946,0.8095194101333618,0.20516221504028018,0.022638558990700088,11,19.5
student_kdF_s1,test_w32-35,ge5,far,,95262,78609,0.8595557515063719,0.7469956943421879,0.6967012681183278,0.8939816051597146,0.6187647645012334,0.7555588006060251,0.8225394038850513,0.6719000900159245,0.04698439295697946,0.8095194101333618,0.20516221504028018,0.022638558990700088,11,19.5
student_kdF_s1,test_w36-39,all,all,,100000,100000,0.83268,0.7248478722037128,0.6638496365000001,0.90441,0.5729611204000001,0.7224098543499999,0.84296,0.6236273531000001,0.06118391561366619,0.898182213306427,0.24565459032954343,0.03139818582592608,11,23.5
student_kdF_s1,test_w36-39,all,near,,100000,12548,0.83268,0.7248478722037128,0.722766192221868,0.8818138348740835,0.6202784754542556,0.81674134642971,0.7836308575071724,0.6994509603124004,0.06118391561366619,0.898182213306427,0.24565459032954343,0.03139818582592608,11,23.5
student_kdF_s1,test_w36-39,all,far,,100000,87452,0.83268,0.7248478722037128,0.6553960283355441,0.9076521977770663,0.566171816882404,0.7088747543795454,0.8514728079403558,0.6127478463614325,0.06118391561366619,0.898182213306427,0.24565459032954343,0.03139818582592608,11,23.5
student_kdF_s1,test_w36-39,ge5,all,,95184,91735,0.8429252815599261,0.7308408771195571,0.6824237162320559,0.900648607401755,0.5950076708049379,0.7413059953230848,0.8380879707854145,0.6497268993618593,0.05571469267747909,0.8379693627357483,0.22956796525945256,0.02829448588067156,11,23.5
student_kdF_s1,test_w36-39,ge5,near,,95184,12085,0.8429252815599261,0.7308408771195571,0.7282350038247458,0.8824989656599089,0.6324355960292191,0.8252859974693181,0.786843194042201,0.7172602238319608,0.05571469267747909,0.8379693627357483,0.22956796525945256,0.02829448588067156,11,23.5
student_kdF_s1,test_w36-39,ge5,far,,95184,79650,0.8429252815599261,0.7308408771195571,0.6754729389494739,0.9034023854362837,0.5893288700976504,0.7285640201073005,0.84586315128688,0.6394803177394967,0.05571469267747909,0.8379693627357483,0.22956796525945256,0.02829448588067156,11,23.5
student_kdF_s1,test_w40-43,all,all,,100000,100000,0.82595,0.7236648258408616,0.6709137926500001,0.89696,0.5718775273,0.7283237016,0.83121,0.6227475897999999,0.06571907041579483,0.9431657195091248,0.2555400020618556,0.034458351851445135,11,27.5
student_kdF_s1,test_w40-43,all,near,,100000,10904,0.82595,0.7236648258408616,0.7180728012655906,0.8847212032281732,0.6096963838958179,0.8126717177182685,0.7852164343360235,0.6903095964783565,0.06571907041579483,0.9431657195091248,0.2555400020618556,0.034458351851445135,11,27.5
student_kdF_s1,test_w40-43,all,far,,100000,89096,0.82595,0.7236648258408616,0.6651422447696865,0.8984578432252851,0.5672490724611655,0.7180007828634282,0.8368389153272874,0.6144790241986172,0.06571907041579483,0.9431657195091248,0.2555400020618556,0.034458351851445135,11,27.5
student_kdF_s1,test_w40-43,ge5,all,,95288,93977,0.8353202921669045,0.7313088396234765,0.6804918348582081,0.8949955840258786,0.5862250432813598,0.7372599634825093,0.8275641912382817,0.6395679957210408,0.06167047790449262,0.8857362866401672,0.2414371284634937,0.03151171535607188,11,27.5
student_kdF_s1,test_w40-43,ge5,near,,95288,10557,0.8353202921669045,0.7313088396234765,0.7209625958214435,0.8854788292128446,0.6192405529033903,0.8187856876154042,0.7884815762053614,0.7051617832335425,0.06167047790449262,0.8857362866401672,0.2414371284634937,0.03151171535607188,11,27.5
student_kdF_s1,test_w40-43,ge5,far,,95288,83420,0.8353202921669045,0.7313088396234765,0.6753701635145388,0.8961999520498681,0.5820468517795644,0.7269426886123227,0.8325101894030209,0.6312669454361034,0.06167047790449262,0.8857362866401672,0.2414371284634937,0.03151171535607188,11,27.5
student_kdF_s1,test_w44-47,all,all,,100000,100000,0.80132,0.6919986865820515,0.6442406244500001,0.90247,0.5374700271,0.7040319400999999,0.85037,0.5900500829,0.079727896527797,1.1667863130569458,0.29477995850698624,0.04549424918478188,11,31.5
student_kdF_s1,test_w44-47,all,near,,100000,10628,0.80132,0.6919986865820515,0.7056432005080918,0.900169363944298,0.5852452926232593,0.7895671128152052,0.8088069251035002,0.6562543065487392,0.079727896527797,1.1667863130569458,0.29477995850698624,0.04549424918478188,11,31.5
student_kdF_s1,test_w44-47,all,far,,100000,89372,0.80132,0.6919986865820515,0.6369387113413597,0.9027435885959808,0.5317886557311015,0.693860210524549,0.8553126258783511,0.5821771642125051,0.079727896527797,1.1667863130569458,0.29477995850698624,0.04549424918478188,11,31.5
student_kdF_s1,test_w44-47,ge5,all,,94936,92436,0.8103459172495154,0.6991608938754247,0.6555978778042382,0.898838115020122,0.5524623049529256,0.7145845542204622,0.8449954563157211,0.6076270690170958,0.07581442833672562,1.1062120199203491,0.2810474969774074,0.04171030651684747,11,31.5
student_kdF_s1,test_w44-47,ge5,near,,94936,10310,0.8103459172495154,0.6991608938754247,0.7051681041623876,0.9032977691561591,0.5917847610973122,0.7912801243322676,0.8111542192046557,0.6672094312840251,0.07581442833672562,1.1062120199203491,0.2810474969774074,0.04171030651684747,11,31.5
student_kdF_s1,test_w44-47,ge5,far,,94936,82126,0.8103459172495154,0.6991608938754247,0.6493748907629538,0.8982782553637094,0.5475258107507407,0.7049562839059124,0.8492438448238073,0.600147170386065,0.07581442833672562,1.1062120199203491,0.2810474969774074,0.04171030651684747,11,31.5
student_kdF_s1,test_w48-51,all,all,,100000,100000,0.79142,0.6810324018748387,0.63995641055,0.90653,0.5300700477,0.70445072985,0.85707,0.5852116331,0.08885427962750193,1.249283790588379,0.3082586371877834,0.047330214581359595,11,35.333333333333336
student_kdF_s1,test_w48-51,all,near,,100000,10972,0.79142,0.6810324018748387,0.6990791104629968,0.8987422530076559,0.5748760800218738,0.7956985171345243,0.8138899015676266,0.6542096746263216,0.08885427962750193,1.249283790588379,0.3082586371877834,0.047330214581359595,11,35.333333333333336
student_kdF_s1,test_w48-51,all,far,,100000,89028,0.79142,0.6810324018748387,0.6326700033135643,0.9074897784966527,0.5245480570157703,0.693205158545626,0.862391607134834,0.5767081677674439,0.08885427962750193,1.249283790588379,0.3082586371877834,0.047330214581359595,11,35.333333333333336
student_kdF_s1,test_w48-51,ge5,all,,94668,93780,0.8016542020534922,0.688562178246813,0.6458299308644271,0.905662188099808,0.5413768367350994,0.7084697978265524,0.8546278524205587,0.5988796040584544,0.08354896891017045,1.1698535680770874,0.29098743327248894,0.04210551074199357,11,35.333333333333336
student_kdF_s1,test_w48-51,ge5,near,,94668,10675,0.8016542020534922,0.688562178246813,0.6986925900736893,0.9025761124121779,0.5822823843197512,0.7964727331577315,0.8168618266978923,0.6657569463266126,0.08354896891017045,1.1698535680770874,0.29098743327248894,0.04210551074199357,11,35.333333333333336
student_kdF_s1,test_w48-51,ge5,far,,94668,83105,0.8016542020534922,0.688562178246813,0.6390396187645669,0.9060586005655497,0.5361224390398204,0.6971656484413128,0.859478972384333,0.5902890784738013,0.08354896891017045,1.1698535680770874,0.29098743327248894,0.04210551074199357,11,35.333333333333336
student_kdF_s2,val,all,all,,200000,53779,0.940075,0.91156494652821,0.7418768614607932,0.8967068930251585,0.7032713094330502,0.8328410551516391,0.747949943286413,0.791532231261273,0.003352236562073222,0.21487689018249512,0.08523751360797367,0.004205353888284642,11,1.0
student_kdF_s2,val,all,near,,200000,10959,0.940075,0.91156494652821,0.6359590724518661,0.9544666484168264,0.6055678807372936,0.6961469687015238,0.9249931563098823,0.6669929373117985,0.003352236562073222,0.21487689018249512,0.08523751360797367,0.004205353888284642,11,1.0
student_kdF_s2,val,all,far,,200000,42820,0.940075,0.91156494652821,0.7689845926553012,0.8819243344231668,0.7282767245446053,0.8678254197804764,0.7026389537599252,0.8234057978748248,0.003352236562073222,0.21487689018249512,0.08523751360797367,0.004205353888284642,11,1.0
student_kdF_s2,val,ge5,all,,191366,52270,0.9492647596751774,0.9225589063516678,0.7448874808493973,0.8979911995408456,0.7138244894542393,0.8387404213095319,0.7513870288884638,0.8053970802457731,0.0026245683332111057,0.17860816419124603,0.0728650136706212,0.0032173661233701537,11,1.0
student_kdF_s2,val,ge5,near,,191366,10483,0.9492647596751774,0.9225589063516678,0.6409325921504196,0.9557378612992464,0.6169459859537751,0.7054613544818132,0.926070781264905,0.6829345864898776,0.0026245683332111057,0.17860816419124603,0.0728650136706212,0.0032173661233701537,11,1.0
student_kdF_s2,val,ge5,far,,191366,41787,0.9492647596751774,0.9225589063516678,0.7709663833365675,0.8835044391796492,0.7381281569153004,0.8721758068972738,0.7075645535692919,0.8361189392460137,0.0026245683332111057,0.17860816419124603,0.0728650136706212,0.0032173661233701537,11,1.0
student_kdF_s2,test_w16-19,all,all,,100000,100000,0.93175,0.9012382209953868,0.6992590703,0.87685,0.6585363271,0.779201919,0.76255,0.7362092911,0.0043605994185805744,0.29900434613227844,0.0984475346233392,0.005820618266317675,11,3.5
student_kdF_s2,test_w16-19,all,near,,100000,11980,0.93175,0.9012382209953868,0.7635033981636061,0.8348080133555926,0.7172273313856427,0.8529959261268782,0.6952420701168615,0.8027450517529214,0.0043605994185805744,0.29900434613227844,0.0984475346233392,0.005820618266317675,11,3.5
student_kdF_s2,test_w16-19,all,far,,100000,88020,0.93175,0.9012382209953868,0.6905150683935469,0.8825721426948421,0.6505481626902977,0.7691581538854806,0.7717109747784594,0.7271534127471029,0.0043605994185805744,0.29900434613227844,0.0984475346233392,0.005820618266317675,11,3.5
student_kdF_s2,test_w16-19,ge5,all,,96085,89545,0.9395743352240205,0.909203814676244,0.7261739315428578,0.8705343681947624,0.6901705673481768,0.8085304707496604,0.7444525099112178,0.7704111068087819,0.0040096905129183465,0.26919499039649963,0.087819255825072,0.004788395547915057,11,3.5
student_kdF_s2,test_w16-19,ge5,near,,96085,11402,0.9395743352240205,0.909203814676244,0.7757425397798647,0.8364322048763375,0.7356334251970614,0.8682109589554,0.6913699350991054,0.8242653014071318,0.0040096905129183465,0.26919499039649963,0.087819255825072,0.004788395547915057,11,3.5
student_kdF_s2,test_w16-19,ge5,far,,96085,78143,0.9395743352240205,0.909203814676244,0.7189412776759938,0.8755102824309279,0.6835369916575457,0.7998223724360324,0.7521978936053133,0.7625531345424191,0.0040096905129183465,0.26919499039649963,0.087819255825072,0.004788395547915057,11,3.5
student_kdF_s2,test_w20-23,all,all,,100000,100000,0.91815,0.875697150116406,0.7000204501,0.88423,0.6517530127,0.7736094433,0.76446,0.7221846013,0.01209066721737385,0.37566351890563965,0.11872531350042409,0.008506112743636609,11,7.5
student_kdF_s2,test_w20-23,all,near,,100000,13417,0.91815,0.875697150116406,0.7623108358798538,0.8536185436386674,0.7077775478870091,0.8553461425803085,0.7119326227919803,0.7953669799508086,0.01209066721737385,0.37566351890563965,0.11872531350042409,0.008506112743636609,11,7.5
student_kdF_s2,test_w20-23,all,far,,100000,86583,0.91815,0.875697150116406,0.6903678611852211,0.8889735860388298,0.6430713871083237,0.7609434315627779,0.772599702020027,0.7108441768014507,0.01209066721737385,0.37566351890563965,0.11872531350042409,0.008506112743636609,11,7.5
student_kdF_s2,test_w20-23,ge5,all,,95941,89776,0.9252874162245547,0.8821751179937308,0.728463366706367,0.8768601853502049,0.6839707709368278,0.8048841651220434,0.7461571021208341,0.7572851100301312,0.012511078763087154,0.35153189301490784,0.10885459565408138,0.007261261637473757,11,7.5
student_kdF_s2,test_w20-23,ge5,near,,95941,12762,0.9252874162245547,0.8821751179937308,0.7733637278523777,0.8528443817583451,0.7243936009221412,0.8699050799322661,0.7090581413571541,0.8155724618739126,0.012511078763087154,0.35153189301490784,0.10885459565408138,0.007261261637473757,11,7.5
student_kdF_s2,test_w20-23,ge5,far,,95941,77014,0.9252874162245547,0.8821751179937308,0.7210229219957248,0.8808398473004908,0.6772722984997048,0.7941095408354455,0.7523047757550575,0.7476263053422779,0.012511078763087154,0.35153189301490784,0.10885459565408138,0.007261261637473757,11,7.5
student_kdF_s2,test_w24-27,all,all,,100000,100000,0.90569,0.8450113695976651,0.69268188995,0.89421,0.6381760433999998,0.7648305228,0.77727,0.7069126499000001,0.019051159627363062,0.4594436287879944,0.13562849045369202,0.011235001018886425,11,11.5
student_kdF_s2,test_w24-27,all,near,,100000,12494,0.90569,0.8450113695976651,0.755596527933408,0.8625740355370578,0.6939048943492876,0.8507911465503442,0.7126620777973427,0.7828398111093324,0.019051159627363062,0.4594436287879944,0.13562849045369202,0.011235001018886425,11,11.5
student_kdF_s2,test_w24-27,all,far,,100000,87506,0.90569,0.8450113695976651,0.6836990146389963,0.8987269444380956,0.630219146001417,0.7525571697369324,0.7864946403675177,0.6960718623865791,0.019051159627363062,0.4594436287879944,0.13562849045369202,0.011235001018886425,11,11.5
student_kdF_s2,test_w24-27,ge5,all,,96204,89771,0.9120930522639391,0.8499997200284477,0.7217154448415309,0.8865892103240467,0.6697607727528606,0.7968443242141668,0.7602789319490704,0.7418059347122038,0.01926531941987316,0.4322457015514374,0.12636748830690164,0.00993656912312617,11,11.5
student_kdF_s2,test_w24-27,ge5,near,,96204,11977,0.9120930522639391,0.8499997200284477,0.7658392637973215,0.8609835518076313,0.7088590137180555,0.8643154719226848,0.7082741922017199,0.8013990940815711,0.01926531941987316,0.4322457015514374,0.12636748830690164,0.00993656912312617,11,11.5
student_kdF_s2,test_w24-27,ge5,far,,96204,77794,0.9120930522639391,0.8499997200284477,0.7149222348300454,0.8905314034501376,0.6637412901187225,0.7864566087591843,0.7682854718872921,0.7326310977097756,0.01926531941987316,0.4322457015514374,0.12636748830690164,0.00993656912312617,11,11.5
student_kdF_s2,test_w28-31,all,all,,100000,100000,0.88126,0.7782921992410557,0.6970735500499998,0.90402,0.6273579504000001,0.7758893796000002,0.78989,0.7014372359,0.030784259049445387,0.6730517148971558,0.17155780509277926,0.017334332079265727,11,15.5
student_kdF_s2,test_w28-31,all,near,,100000,15990,0.88126,0.7782921992410557,0.7343527779862413,0.8824890556597874,0.6591879312070044,0.8377583605378363,0.7290181363352095,0.7537189218261413,0.030784259049445387,0.6730517148971558,0.17155780509277926,0.017334332079265727,11,15.5
student_kdF_s2,test_w28-31,all,far,,100000,84010,0.88126,0.7782921992410557,0.6899780274372098,0.9081180811808118,0.6212996074276872,0.7641135790382099,0.8014760147601476,0.6914862281871206,0.030784259049445387,0.6730517148971558,0.17155780509277926,0.017334332079265727,11,15.5
student_kdF_s2,test_w28-31,ge5,all,,95576,94669,0.8880367456265171,0.783701252322262,0.7028381070758949,0.9044037646959406,0.6387328200396801,0.7851801444811997,0.7863292101955234,0.7163719806942596,0.030853217868195996,0.6435478329658508,0.16150915985776784,0.015575033175862493,11,15.5
student_kdF_s2,test_w28-31,ge5,near,,95576,15420,0.8880367456265171,0.783701252322262,0.7408329802281737,0.8857976653696498,0.6713215751757899,0.8489485740875421,0.7265239948119325,0.7705352953441035,0.030853217868195996,0.6435478329658508,0.16150915985776784,0.015575033175862493,11,15.5
student_kdF_s2,test_w28-31,ge5,far,,95576,79249,0.8880367456265171,0.783701252322262,0.6954451943071768,0.9080240760135775,0.6323918112673449,0.7727723010443134,0.7979659049325544,0.7058330677502401,0.030853217868195996,0.6435478329658508,0.16150915985776784,0.015575033175862493,11,15.5
student_kdF_s2,test_w32-35,all,all,,100000,100000,0.85057,0.7390901072494341,0.69179634545,0.90951,0.606896299,0.7615285181,0.81954,0.6698812439,0.047914856872856626,0.8575395941734314,0.21733992536950797,0.02644366700531643,11,19.5
student_kdF_s2,test_w32-35,all,near,,100000,16559,0.85057,0.7390901072494341,0.7431806060148559,0.8803067818104958,0.6490325768464279,0.8340179089920888,0.7374841475934537,0.7289589624977354,0.047914856872856626,0.8575395941734314,0.21733992536950797,0.02644366700531643,11,19.5
student_kdF_s2,test_w32-35,all,far,,100000,83441,0.85057,0.7390901072494341,0.6815990566987452,0.9153054253903956,0.5985342872209106,0.747142882455867,0.835824115243106,0.6581571760884939,0.047914856872856626,0.8575395941734314,0.21733992536950797,0.02644366700531643,11,19.5
student_kdF_s2,test_w32-35,ge5,all,,95262,94615,0.8583590518779787,0.7436151385191121,0.6969733027967017,0.9116841938381863,0.6175269243270491,0.7695062067165157,0.8211382973101516,0.6847503094880981,0.046536811348565105,0.8117843866348267,0.20523984595786088,0.024024280509639825,11,19.5
student_kdF_s2,test_w32-35,ge5,near,,95262,16006,0.8583590518779787,0.7436151385191121,0.7492349335192537,0.8837311008371861,0.66073397312249,0.8442745217289334,0.7515306759965014,0.7460231539424526,0.046536811348565105,0.8117843866348267,0.20523984595786088,0.024024280509639825,11,19.5
student_kdF_s2,test_w32-35,ge5,far,,95262,78609,0.8583590518779787,0.7436151385191121,0.6863320319327398,0.9173758729916421,0.6087293054409187,0.7542822291810075,0.8353114783294534,0.6722742170770969,0.046536811348565105,0.8117843866348267,0.20523984595786088,0.024024280509639825,11,19.5
student_kdF_s2,test_w36-39,all,all,,100000,100000,0.82999,0.7272370086883582,0.6646147868,0.92023,0.5701468133,0.7291291651499999,0.84925,0.6283500395,0.06156910952836273,0.8983724117279053,0.24460210061909304,0.03224790990994815,11,23.5
student_kdF_s2,test_w36-39,all,near,,100000,12548,0.82999,0.7272370086883582,0.7335461603442779,0.8985495696525343,0.625923189352885,0.8232371274306662,0.7798852406758049,0.7046031973222825,0.06156910952836273,0.8983724117279053,0.24460210061909304,0.03224790990994815,11,23.5
student_kdF_s2,test_w36-39,all,far,,100000,87452,0.82999,0.7272370086883582,0.6547242082513836,0.9233408040982481,0.5621437720120752,0.7156261382243974,0.8592027626583726,0.6174088989388464,0.06156910952836273,0.8983724117279053,0.24460210061909304,0.03224790990994815,11,23.5
student_kdF_s2,test_w36-39,ge5,all,,95184,91735,0.8402987897125568,0.7317615435455628,0.6827045456019706,0.9189949310513981,0.5924511892308437,0.7497448363528171,0.8434076415762795,0.6562515009097468,0.058072642559881676,0.8381170630455017,0.22904467889454294,0.029178550835872834,11,23.5
student_kdF_s2,test_w36-39,ge5,near,,95184,12085,0.8402987897125568,0.7317615435455628,0.7430825389830941,0.9002896152254861,0.6419034530024307,0.8342331644415402,0.7831195697145221,0.7247657738689495,0.058072642559881676,0.8381170630455017,0.22904467889454294,0.029178550835872834,11,23.5
student_kdF_s2,test_w36-39,ge5,far,,95184,79650,0.8402987897125568,0.7317615435455628,0.6735436159094299,0.9218330194601381,0.5849479800948785,0.7369257347212764,0.8525549278091651,0.6458560836001176,0.058072642559881676,0.8381170630455017,0.22904467889454294,0.029178550835872834,11,23.5
student_kdF_s2,test_w40-43,all,all,,100000,100000,0.82371,0.7223663368599316,0.67041000095,0.91643,0.5678390915000001,0.7335405302500001,0.84661,0.6255178792,0.06610062490999702,0.9487691521644592,0.25585650248816216,0.035620159337845556,11,27.5
student_kdF_s2,test_w40-43,all,near,,100000,10904,0.82371,0.7223663368599316,0.7260604259904624,0.90498899486427,0.6127443332721937,0.814616336665444,0.7913609684519443,0.690903273110785,0.06610062490999702,0.9487691521644592,0.25585650248816216,0.035620159337845556,11,27.5
student_kdF_s2,test_w40-43,all,far,,100000,89096,0.82371,0.7223663368599316,0.6635992324010057,0.9178302056209033,0.5623433705216845,0.7236180803852024,0.8533716440693185,0.617515698011134,0.06610062490999702,0.9487691521644592,0.25585650248816216,0.035620159337845556,11,27.5
student_kdF_s2,test_w40-43,ge5,all,,95288,93977,0.8330115019729661,0.7298913478363037,0.6778521873690745,0.919054662310991,0.5806383398415149,0.7430079823659278,0.8439086159379423,0.6429436773304809,0.06407834122013874,0.8921738266944885,0.24211647639701916,0.03260531822930473,11,27.5
student_kdF_s2,test_w40-43,ge5,near,,95288,10557,0.8330115019729661,0.7298913478363037,0.731849584276208,0.9089703514255943,0.6247105249443777,0.8226149109972086,0.7923652552808563,0.7074637550338514,0.06407834122013874,0.8921738266944885,0.24211647639701916,0.03260531822930473,11,27.5
student_kdF_s2,test_w40-43,ge5,far,,95288,83420,0.8330115019729661,0.7298913478363037,0.6710186879786572,0.9203308559098538,0.5750608996817098,0.7329335356437934,0.8504315511867657,0.6347785075832444,0.06407834122013874,0.8921738266944885,0.24211647639701916,0.03260531822930473,11,27.5
student_kdF_s2,test_w44-47,all,all,,100000,100000,0.79982,0.6874205817845802,0.6460731923999999,0.92894,0.5351868115000001,0.7085597913,0.86819,0.5925165811,0.07844565331690016,1.1828407049179077,0.2942963923167679,0.0474443096697706,11,31.5
student_kdF_s2,test_w44-47,all,near,,100000,10628,0.79982,0.6874205817845802,0.7105996001129093,0.9258562288295069,0.5854430607828378,0.7958142119872036,0.808148287542341,0.6601312551750095,0.07844565331690016,1.1828407049179077,0.2942963923167679,0.0474443096697706,11,31.5
student_kdF_s2,test_w44-47,all,far,,100000,89372,0.79982,0.6874205817845802,0.6383997973638276,0.9293067179877367,0.5292104048247773,0.6981836110303004,0.8753300810097122,0.5844759335138522,0.07844565331690016,1.1828407049179077,0.2942963923167679,0.0474443096697706,11,31.5
student_kdF_s2,test_w44-47,ge5,all,,94936,92436,0.8083551023847645,0.6944447115466691,0.656762536482326,0.9319421004803323,0.5498886091568864,0.7201707329702783,0.864360205980354,0.6108072725352871,0.07659183640841041,1.1291309595108032,0.2806569040830049,0.04360521904067418,11,31.5
student_kdF_s2,test_w44-47,ge5,near,,94936,10310,0.8083551023847645,0.6944447115466691,0.7129455939769562,0.9297769156159069,0.5940641802120283,0.8005057570255916,0.8111542192046557,0.6732562401322056,0.07659183640841041,1.1291309595108032,0.2806569040830049,0.04360521904067418,11,31.5
student_kdF_s2,test_w44-47,ge5,far,,94936,82126,0.8083551023847645,0.6944447115466691,0.6497093825144029,0.9322139152034679,0.5443428607023348,0.7100855699523513,0.8710396220441761,0.6029675036932123,0.07659183640841041,1.1291309595108032,0.2806569040830049,0.04360521904067418,11,31.5
student_kdF_s2,test_w48-51,all,all,,100000,100000,0.79214,0.6772544941410693,0.6422121796000001,0.92989,0.5295641662999999,0.7088089648,0.87503,0.5885910176999999,0.08697554781936107,1.2717863321304321,0.3065031332718411,0.047922196739614564,11,35.333333333333336
student_kdF_s2,test_w48-51,all,near,,100000,10972,0.79214,0.6772544941410693,0.7153820014582575,0.9149653663871673,0.5850128928180823,0.8050907587495443,0.7979402114473204,0.6610483950054685,0.08697554781936107,1.2717863321304321,0.3065031332718411,0.047922196739614564,11,35.333333333333336
student_kdF_s2,test_w48-51,all,far,,100000,89028,0.79214,0.6772544941410693,0.6331945751898279,0.9317293435773015,0.5227305473558881,0.6969429918115649,0.8845307094397268,0.5796612164712226,0.08697554781936107,1.2717863321304321,0.3065031332718411,0.047922196739614564,11,35.333333333333336
student_kdF_s2,test_w48-51,ge5,all,,94668,93780,0.8022140533231926,0.6848424229807781,0.6471141874422159,0.9346022606099381,0.5405141448946278,0.71376905348796,0.8747494135210067,0.603023498051531,0.08313726967091004,1.204360842704773,0.2891591522693498,0.04277457980577409,11,35.333333333333336
student_kdF_s2,test_w48-51,ge5,near,,94668,10675,0.8022140533231926,0.6848424229807781,0.7170662902890802,0.9189695550351288,0.5941722904123756,0.8089987174703184,0.8024355971896956,0.6749896005356919,0.08313726967091004,1.204360842704773,0.2891591522693498,0.04277457980577409,11,35.333333333333336
student_kdF_s2,test_w48-51,ge5,far,,94668,83105,0.8022140533231926,0.6848424229807781,0.6381287028397218,0.9366103122555803,0.5336216510205894,0.7015366166548975,0.8840382648456772,0.5937793112514779,0.08313726967091004,1.204360842704773,0.2891591522693498,0.04277457980577409,11,35.333333333333336
