service,2022-W00,2022-W01,2022-W02,2022-W03,2022-W04,2022-W05,2022-W06,2022-W07,2022-W08,2022-W09,2022-W10,2022-W11,2022-W12,2022-W13,2022-W14,2022-W15,2022-W16,2022-W17,2022-W18,2022-W19,2022-W20,2022-W21,2022-W22,2022-W23,2022-W24,2022-W25,2022-W26,2022-W27,2022-W28,2022-W29,2022-W30,2022-W31,2022-W32,2022-W33,2022-W34,2022-W35,2022-W36,2022-W37,2022-W38,2022-W39,2022-W40,2022-W41,2022-W42,2022-W43,2022-W44,2022-W45,2022-W46,2022-W47,2022-W48,2022-W49,2022-W50,2022-W51,2022-W52
3dsecure,276,1551,2221,2462,1380,2297,4966,5961,3587,5021,5863,5761,7313,7777,8119,6552,5780,7803,7950,7890,7325,6996,6850,6747,6665,6187,4432,3276,3358,2716,2983,2986,3951,3637,4910,4067,6089,5624,9032,9236,8484,8244,8364,6929,5310,8675,7049,8593,8508,8778,2584,4099,322
accuweather,3974,35410,29356,34948,19180,24863,33574,48437,34178,54275,50949,41324,46583,42183,50241,43787,56842,66075,64575,48803,44982,43799,40079,54094,49705,46491,32246,20802,27361,22724,23951,22135,26981,21651,25944,24463,15249,18441,18840,18223,22787,20931,29840,25550,33653,37796,30098,39453,33541,22073,8171,16194,2251
adobe-ads,2237,27474,24026,27042,16582,21907,36967,40394,33171,53595,50193,31263,39068,40080,41297,29468,36792,42353,45113,42197,43925,40118,29826,39685,39659,38411,29238,18536,27537,23665,23238,23448,30076,26363,29937,30791,23132,27984,27776,23607,23727,24508,29076,24818,34794,40335,31085,38133,36158,27189,5954,21196,4104
adobe-analytics,207,5028,4760,6279,4242,4694,4937,6830,5631,10383,9767,6902,7608,7552,8712,6381,7592,8676,8792,8428,9022,7817,7463,6660,7172,5973,4960,2091,4412,4124,4568,3985,4437,4134,5010,4591,4824,5236,5740,5126,6166,6611,5487,5398,7142,6569,4866,6995,6776,6644,1769,3939,347
adobe-authentication,750,10508,12797,15070,8798,10824,12391,14893,13376,19865,18728,15272,20153,16866,23601,12922,15501,19609,22343,19756,21478,15388,12144,19135,14164,17392,8146,4350,8671,7955,3894,2054,2250,2507,3008,2786,5962,6579,4223,3700,5097,4872,5357,3819,5730,4713,5151,7938,7402,7737,2721,3960,603
adobe-cloud,867,18211,9141,7936,4284,4997,5969,6832,6242,10794,13865,10125,11240,10986,11568,8784,9248,11699,9429,10427,11453,10534,8321,9831,9431,8132,6499,3022,5959,5114,5043,4593,9049,10222,11214,11553,12145,14591,10275,15459,18979,14655,13811,8837,12907,11806,9131,11637,10645,10303,2989,4117,496
adobe-notifications,1842,10734,9295,11727,7258,9322,9815,12390,10144,16350,16959,11728,13523,14948,14842,12445,12998,14064,14329,14069,13638,11561,11856,15404,15369,12798,7817,5887,7241,7040,6552,6483,7252,7329,7578,7534,6169,8109,10749,10153,11766,12180,12610,10026,12418,10696,8773,13111,13416,12951,6142,7813,1605
adobe-search,12,250,305,113,85,25,234,399,445,1568,1726,343,179,296,146,184,210,277,619,492,642,415,175,143,159,144,23,25,61,86,60,27,29,79,98,48,10,22,261,166,262,258,268,106,314,346,135,244,245,339,56,59,8
adobe-updater,1505,7479,7685,8389,3617,8743,10595,11388,7945,9526,10527,8659,10823,11083,8684,5006,7414,9738,10145,8727,8590,10456,8663,7573,9235,8346,7278,5245,6873,5741,5427,5483,8917,9756,15369,12377,6485,7656,10084,9157,9146,9917,10068,9043,10078,10461,9214,11790,8940,6671,3694,6478,1895
airbank-ib,331,3193,3115,3239,1094,6261,7771,7671,4913,7397,7630,6064,7581,7986,8276,7792,6993,7484,8648,9966,8123,7812,8608,8604,8876,7497,6546,3712,8014,6074,5245,5720,6569,5831,5933,6872,7620,7708,6301,5758,6576,8077,6320,4939,7575,8073,5881,6774,7304,7850,1874,5200,800
alza-bnr,440,3990,6482,1406,4442,12402,17142,20501,11368,10397,11174,8412,16182,11819,11849,6196,9792,12210,10370,11576,10780,12289,8430,9865,11282,10953,5016,7555,6947,5655,6305,4774,5804,6611,7853,5067,3930,4749,5866,3442,5339,9138,8412,6628,7015,8523,10062,11866,9111,8708,2436,5139,877
alza-cdn,776,4994,5875,6612,1954,9163,9645,10881,9745,11990,11979,9155,10371,10081,8471,6557,7745,9050,10510,8214,10937,9435,7709,7483,7909,7854,5894,4689,6598,7091,6731,6572,7838,8048,8137,8120,7705,9885,12260,8346,8463,11216,10935,8239,11711,15503,13984,17279,14175,14910,5924,6774,1957
alza-logapi,611,5122,6566,7944,3705,7794,11567,13578,9302,11478,14022,12557,18095,18385,15720,9975,12421,17695,17839,17365,16242,15927,15173,15307,16141,14979,10774,8016,7638,9575,9350,8976,10744,10277,11179,9650,14332,13856,19414,19488,18438,10352,12034,9033,9541,14570,9558,10346,5472,2421,969,1114,181
alza-webapi,1094,8483,9056,9167,2834,14833,15938,12811,10667,16757,18017,12937,14594,12382,10904,8613,10129,11377,17462,11554,11339,10014,9493,9451,10601,9719,6882,4340,5876,5935,5286,5285,5854,5196,5323,5859,6568,7063,8314,7001,8043,8783,8444,6109,8899,11629,10271,12810,10289,11522,2791,3444,1167
amazon-advertising,3363,30654,24282,33730,20362,26192,34608,41897,39035,62117,62109,41342,47443,50649,53183,42917,51547,57751,57754,54807,53836,37739,29417,43101,44359,42907,29172,19079,26900,25099,25350,26855,27956,30643,32125,29485,29708,34671,44708,43344,45836,50755,52253,44781,70413,70078,54978,47291,45273,46006,23041,24916,4569
amazon-alexa,818,2612,2445,1929,743,1845,2107,2914,2894,3843,4093,3500,3452,4631,4278,3561,3574,3936,7576,7628,4703,6842,6026,4814,4341,3948,2640,2209,2642,2621,2888,2895,2453,2329,2366,1654,2182,3101,3584,3815,4266,4659,4504,4015,4935,3987,3657,3910,3752,6106,2519,3725,1098
amazon-prime,1323,5069,7214,4403,1359,4313,13066,11636,10567,9191,8439,7665,7683,8846,10600,8656,8938,10328,11220,10087,8724,8276,7765,7455,7445,6885,4356,5334,4416,4626,4457,3877,2631,3194,3592,2674,6540,7450,9982,11767,10810,12404,12883,9486,12543,10660,10374,10871,9995,11587,2841,3436,1749
apple-icloud,3212,15786,12772,11510,5952,10153,16182,17393,15958,28470,41417,36624,47876,52634,45902,40046,40604,74068,52004,30732,36533,52120,59599,53598,64323,51290,46370,38553,49791,44778,48938,49777,42296,41604,55259,43730,48293,47100,60626,48751,52585,61880,57410,52730,62211,76804,61250,58581,69571,47971,23602,54089,11474
apple-itunes,21455,127293,109955,133803,54623,125064,143032,192725,126832,115173,104859,95747,123228,114252,111028,84933,107740,127794,138042,108390,126480,144949,135849,155254,158755,147348,89710,62371,70767,50093,46941,62974,73777,59597,83903,85336,78520,126080,165482,178109,214831,211702,229432,186693,225083,241629,195034,232047,226486,189759,61152,139509,26877
apple-location,6777,45481,36602,47728,22287,41177,49739,65028,53269,79997,70655,62307,79115,78485,66811,48624,62385,82389,82951,60355,115571,108823,100331,102770,100658,94048,65811,45842,56351,43387,43126,44123,52548,48749,64732,67750,64899,92060,122256,120391,144391,148520,155197,126140,155845,203022,172381,206970,200044,178066,72681,106473,18974
apple-ocsp,904,9268,9303,8065,4605,7333,14468,14661,8247,19036,18517,15240,14525,10317,7698,3655,6121,6902,9977,10598,10937,11519,9390,7245,7381,7275,4780,4407,8140,7470,5290,4708,7072,7138,6831,6616,10806,9833,10351,9873,14988,12410,11093,7975,11396,10600,8332,9712,8242,6767,2794,7105,2276
apple-pancake,1258,5094,6499,10474,5715,15038,9039,19320,16217,16769,16866,13015,14006,14661,14127,11365,12383,12963,14442,14035,13074,12485,11826,12178,11422,10480,7573,5407,6587,6023,5602,5682,5815,6029,6825,7119,8798,11934,17042,17273,19303,19791,20775,17623,22455,22824,18251,17072,16899,12260,6166,13870,2818
apple-siri,2152,11536,9700,8885,2511,11910,12586,23845,23660,26026,25253,22423,27131,28711,28263,23350,24684,10074,2674,7636,1094,1527,1710,3318,3947,4783,2606,1427,2327,2501,2602,2611,2959,3788,3777,2963,3933,3047,4557,4952,6299,6691,5738,4663,10585,4092,3276,4455,4465,7254,2841,2035,397
apple-updates,6648,43018,36661,43931,22845,36018,43071,58319,48144,66073,58944,55884,67168,63448,67257,47063,62808,74572,78770,68158,78692,73850,64554,74984,69372,60241,39155,32763,35428,22362,12537,17031,22713,15595,27496,27078,25724,40127,53605,42032,43052,44147,40711,32151,40938,45675,34573,42383,37229,29016,9989,38654,8230
apple-weather,4432,28659,26675,31063,10748,30951,33331,49789,36884,53981,53054,40682,60781,59912,59460,43963,46295,50731,57226,49257,41781,38551,36963,35695,37463,38205,27751,17734,21258,20412,20680,20142,19941,21362,22680,23478,30160,44085,64617,65082,75974,55483,53424,45240,25258,9030,14163,19913,21572,25849,20858,24792,3025
appnexus,15432,201772,203855,251341,167376,199384,223186,271514,218609,309800,275582,238466,296029,288536,296759,232233,255580,292988,315018,291833,315398,306549,276373,284841,282960,263258,208519,114737,197418,175810,177780,166918,179155,183742,198819,190504,191862,221517,245780,213206,237770,246499,249477,197618,260742,241042,200501,251040,251372,245669,126112,184670,34243
aukro-backend,1933,7051,8519,10441,2084,10251,11049,12553,9689,9661,9315,8881,10809,10100,11791,10802,10490,13948,15607,7429,12538,11960,8115,46565,5350,4895,3882,2676,5295,5478,5370,5339,4989,5145,5204,6141,6525,7475,6786,4794,5593,6911,7885,7353,9821,9772,8262,4757,4124,4189,2482,6264,1291
autodesk,5044,38859,27294,35856,21330,26644,44300,46618,46267,64087,70699,60154,63947,55329,84111,79724,116585,121128,138033,118404,84384,38920,42104,27613,34642,39743,160820,130346,63444,27290,15189,6487,7783,8005,10143,12564,13346,24816,35530,43579,48263,56085,53158,45069,55963,59723,54488,90160,83403,73277,27952,16541,1344
avast,9019,59645,55165,64268,32630,59825,75608,80466,61757,110406,103635,68345,91362,88855,83877,64156,73635,101162,108998,106876,104370,93971,89139,88640,88475,83013,62117,46141,55184,50300,48980,47309,44555,37819,42593,41107,44577,48644,59107,57310,57418,58582,60989,52155,54987,60126,44785,58152,53984,46762,20130,24458,3837
bing,10996,75170,71047,82465,28441,101876,109421,127869,101550,138216,132227,125216,158610,164562,162455,125122,132234,154099,169150,161272,141794,139793,135167,133413,149419,151048,116104,70536,104118,99612,96279,97128,98633,102904,107688,118595,127230,134323,155409,141965,165515,178724,181900,159744,222469,232942,187299,220009,229285,225301,111552,144831,29227
bitdefender-gravityzone,13613,51258,52170,61009,37826,6240,26569,24405,24559,32639,35035,29208,35374,33101,36704,33415,48835,38595,39949,41800,39343,40416,39786,39784,42373,38601,34102,31044,27486,25754,23485,21600,20698,21062,2408,1242,5425,7210,1690,5031,5909,1917,10435,1114,5559,1109,2066,2424,2398,2243,2701,5676,2123
bitdefender-nimbus,2108,9093,9623,5747,2681,3982,39012,42199,25289,34272,38472,30092,43487,46053,45453,27635,35325,48637,49762,52277,51101,43018,52447,45865,43790,45792,37001,31475,28241,25892,25682,22325,21186,18107,24905,25425,27737,22329,5575,7338,8541,8428,15310,6232,4826,8201,5349,8098,7644,7142,5180,4014,380
booking-com,952,12894,9428,7528,4328,7700,10864,13004,8338,10628,9299,8028,10514,12275,13772,9656,10740,12424,13973,13999,13649,15909,14538,15187,14547,14990,11539,7614,10115,10629,9736,10807,10284,10407,9490,7952,8940,8330,9243,8305,9181,9616,9969,8127,9614,7711,6206,7002,7118,6748,3598,5693,1546
cesnet-filesender,98,473,397,2194,225,1486,706,965,591,659,854,1228,828,756,1580,401,616,1089,1105,1152,1537,675,798,683,548,1331,1750,969,1280,1434,1456,1380,738,695,2482,964,637,2218,660,5591,628,587,675,688,789,2484,600,903,11457,550,174,301,202
cesnet-gerrit,189,3289,4573,7328,8979,4045,10334,8897,6604,9097,9057,7549,5301,4537,4780,3072,1434,1258,1628,1549,2719,3318,3784,4473,4024,3339,3876,5093,1976,3468,3847,5642,5033,1827,1923,2676,3021,2519,806,4270,8237,8356,6872,7537,8291,8331,11135,10644,9304,6269,4307,7415,2853
cesnet-kalendar,656,2142,1597,2639,753,3891,2922,2694,2114,2666,1783,2396,1796,1769,1136,911,12338,6988,10983,7305,3974,859,830,4552,14999,31078,29591,28515,12792,5831,5770,6343,5920,5596,5952,7267,12076,11894,10904,11404,11873,9449,11804,8379,8395,7916,7775,8262,8621,8912,1513,2513,815
cesnet-login,4941,23085,5770,5448,1591,6673,1162,1378,4122,6728,20658,1690,1959,7356,6133,859,2357,7335,7348,5413,1278,1234,1179,1016,1894,8723,2418,2064,6569,9412,9872,4621,2347,935,3498,1827,2383,1886,948,1489,2315,1884,38884,10589,5394,1014,12093,4178,3754,1755,413,906,240
cesnet-nerd,2532,6266,9100,6515,2942,3718,4975,5752,5382,12881,11911,5977,3479,6008,8670,6084,8758,11663,5198,3915,5212,5589,6348,4777,4590,4031,5287,6065,4925,1984,3357,1923,3072,4011,2380,1660,2472,2264,1439,3036,4254,4696,5957,6601,8285,5946,6834,6496,6148,7023,2145,2823,1096
cesnet-perun,279,644,1221,1401,294,1154,2290,1127,749,705,432,677,463,490,382,201,549,396,951,764,309,188,330,353,486,313,501,309,340,477,814,560,385,4973,14639,456,333,561,629,473,564,403,510,338,748,537,442,457,388,595,24,3025,159
chmi,6945,27382,21405,31104,7032,45734,41832,39711,29117,27950,22142,24377,28837,35965,19276,10503,22429,35145,44492,35060,44089,40815,44660,39775,34284,42587,41269,21233,23566,25394,43584,33110,16175,31265,33983,23928,29991,28027,25049,25800,19416,21786,23103,19110,22307,17866,17457,29535,32542,34931,14423,17699,3852
chrome-remotedesktop,1691,5350,3901,3400,1915,2990,16438,21069,10985,11033,10928,11157,11831,11595,11754,10636,11439,11618,12848,11770,10180,8269,7815,7485,7259,7229,5901,5801,5914,5643,5765,6072,5458,4843,5541,5992,5709,3897,1692,1736,4493,5042,5325,4910,4998,5511,4944,5173,5181,5104,3701,3799,797
ctu-felmail,3773,11436,8501,11655,3721,10313,8918,9370,8679,10971,10946,9606,11584,11096,11085,9145,10332,9817,11879,12515,11405,12831,12064,11641,11978,11484,10116,11914,9230,7934,8033,7889,8368,9114,9667,10933,11280,11354,13431,13974,13416,11028,11622,10880,13227,14400,13181,12361,14732,12510,3067,6404,1549
ctu-idp2,2855,10384,8683,8762,3688,6637,6025,8860,6501,9489,9272,8708,8841,10706,8863,5285,14993,6511,8555,7948,5265,4175,3731,3280,3932,4384,3686,3474,3069,2620,2746,3573,3348,2861,3723,4501,5185,5819,10215,9629,12359,10480,10378,9893,11094,13426,11740,12035,11617,10769,3170,5950,1736
ctu-kos,2445,8209,7261,10159,4364,13527,12231,8173,7513,10590,8519,6654,8165,8455,9131,8963,10539,11893,15749,23944,13197,9668,9198,8605,7021,5205,4292,3051,7644,8405,8028,9835,9846,12787,20920,16831,17567,16174,36410,12859,10718,7393,9171,11970,15955,13114,13088,15805,16782,19061,4530,5463,1433
ctu-kosapi,120,322,272,312,146,346,266,505,342,364,337,424,429,679,526,214,260,286,348,309,209,158,130,147,254,130,76,89,81,100,72,205,170,74,120,107,133,334,685,779,847,734,890,687,922,794,736,643,781,673,204,333,110
ctu-matrix,1920,5734,7208,6259,3253,6152,6326,12544,10248,14492,14431,13224,15515,15191,14453,12605,14060,14575,14199,14535,11857,13253,13950,16112,16468,17794,15597,11692,6901,7601,6617,6679,6609,6339,7030,5728,6566,6864,6520,6516,5640,5558,5499,5361,5832,5093,6027,7049,8956,6794,4668,6784,1560
datova-schranka,1585,7985,7622,9902,3189,18313,19169,20495,15601,22232,21881,15992,17268,16858,11514,2714,8010,23491,18317,14554,14421,13588,12254,14025,15632,11117,11280,9262,9535,8821,9191,8983,8244,8064,8336,9162,7861,7231,7649,7372,7202,7281,7535,6606,8628,8646,7250,8319,8264,7883,5702,8880,2847
discord,5090,29368,28770,31458,6783,30326,35356,45244,36328,46814,44669,39830,50610,52715,53706,38817,43360,54474,55003,50811,45947,42254,40762,37784,35402,29084,19145,14299,21297,22841,22687,21099,19561,21513,24431,29718,35463,47831,71629,72900,59462,58074,59097,47859,60147,61544,50826,61398,58561,58757,32743,29327,4323
docker-authentication,3426,9738,11749,15388,5908,14789,17540,17925,13739,17371,17207,15680,16351,14731,19011,18753,18094,19376,20320,18540,16258,17371,15370,13186,14538,16601,13826,1217,99,253,103,86,69,65,52,82,60,59,76,82,83,157,146,187,209,463,316,400,1112,1279,573,7778,2045
docker-registry,6389,18585,16889,21273,10910,22506,24085,24270,19177,23380,23388,21337,21896,20723,24952,24307,23022,24468,25649,23653,21642,26147,22268,18717,19874,21097,18846,18387,19832,26686,23609,25495,21481,14673,24937,17243,19080,17439,13450,10559,9130,13746,17140,17277,16990,10715,14086,17701,16762,18092,13402,18035,7997
doh,8011,40619,63479,74704,31302,68416,106625,166533,124191,196241,223935,197743,256524,232407,230903,148255,176137,239037,248126,247105,205347,191219,184959,171530,161921,138936,82190,70390,68626,59373,60156,57623,57322,61627,68268,68337,109192,117647,184256,207748,212095,214062,223345,186870,182751,246571,195896,262682,268520,260107,137107,116700,14113
dopravni-info,4174,11348,11946,24071,6014,108648,52433,20506,23933,29177,20931,18575,25306,24420,18903,10889,14234,43193,25822,24189,65837,31134,16364,8161,5407,3817,3312,1620,1943,20480,34939,47143,50055,38860,34068,22689,32489,34144,47438,50337,25347,7002,8803,7919,8307,6122,6064,7206,7640,8918,5613,8545,2126
dropbox,19080,90379,93351,105339,61509,97526,100626,111572,84824,111159,108915,98609,116935,116318,115523,100559,101592,110781,113863,110059,105221,106485,103795,103351,99720,95030,81159,67035,76929,76196,74054,73087,70177,72211,75645,67452,74454,80092,85582,81014,84070,85178,83220,73872,89193,75644,74016,85093,86638,73637,36221,63827,16899
duckduckgo,1344,7522,6303,7999,1819,11426,18974,9933,8266,10539,10452,9306,11745,11920,11821,9617,10549,12264,12455,11787,10746,10147,10316,9223,8941,7967,5698,3630,5074,5276,5357,4940,4791,5211,5183,5878,6778,7765,9645,9600,11274,11181,11267,9373,12211,12429,9832,12257,12347,11376,4875,4428,726
ea-games,4728,34209,32154,61794,28438,33621,39200,65836,30208,66794,45406,38562,62264,58843,69867,34652,43280,39096,65641,43765,43371,46791,45007,40707,42974,39614,26072,18739,18690,18755,30089,29947,23242,20262,22771,22085,29046,33019,45088,47643,49053,49685,70328,57447,44329,31098,39063,57099,50992,44886,19753,15057,3629
edge-ntp,1967,15918,15708,16561,4620,17691,18339,23626,18287,24691,27095,24834,31707,34008,34767,27655,29703,36854,41317,39463,35908,36005,34050,34356,36414,32779,23549,12572,18820,16738,15851,15892,16382,17237,18141,20318,22310,23486,26379,26080,32318,35338,34548,29344,40784,42377,35501,38160,41227,44831,16884,19536,4431
eset-edf,10419,31850,28699,32199,7809,40491,41954,42480,35930,51992,62355,45648,44303,41668,48181,36650,37678,39173,55591,53892,49991,47507,46417,38603,44038,41803,35533,29004,30899,22169,22658,21725,20744,22694,23735,23989,21779,26920,21620,25306,27323,29162,28332,23585,29276,29702,24198,27275,27846,26336,16236,22112,5545
eset-edtd,9605,26992,24644,29011,6664,38253,39794,39928,33610,43618,43434,39761,46887,47962,49015,47442,48677,52201,50570,50112,46399,42425,36666,36891,38976,38758,35572,35438,39962,38283,38914,39702,38970,51373,56601,55334,50846,49055,54148,51484,49652,48426,52363,56514,74018,75259,71098,72525,71460,69975,43885,73990,23678
eset-epns,1789,9923,9046,9106,5705,8158,9128,13099,9683,10488,11022,10097,13209,16179,14827,14750,14852,17473,14137,15535,14348,21636,17272,16900,16654,15317,14863,11963,13637,9420,8506,9037,9610,8997,9148,7271,8835,9478,10165,9078,9611,10157,9473,11142,15652,12478,13926,14859,15496,19004,6612,10470,3158
eset-esa,3112,9814,9485,10519,5481,9636,10352,10612,9161,10798,10824,9524,11218,11443,11196,10995,11278,10940,11026,11167,10833,11015,11111,11639,11283,10743,9986,10602,10151,5590,5649,5650,5726,6054,9044,5027,10452,11353,6253,10670,11286,11257,11037,10425,5835,0,0,0,278,0,0,0,0
eset-ts,3778,25793,24371,28368,17425,23182,34075,45357,31313,47200,46309,37165,45636,44553,47956,53671,76058,91380,46218,53123,44897,44752,44226,43836,47805,42359,36184,24058,28692,24102,21948,19951,22463,24016,25408,22006,25071,29201,29729,26952,40849,45643,45682,39242,49259,43673,39384,47736,49463,47019,20650,25746,5615
facebook-graph,28840,231786,167786,144512,71454,143470,209436,305198,235631,326316,288766,287807,386341,403344,372821,111148,198581,272267,378526,278099,130841,83273,73860,73966,117678,177076,132523,87264,109469,103883,102030,96238,103026,99986,110736,122391,154662,182096,246059,246305,298020,342137,300026,237221,294527,302882,241971,304602,309176,305707,25508,29342,5604
facebook-media,13609,109114,104732,115432,59839,97678,106870,145437,122366,167934,133685,137223,169808,168947,149268,47467,75867,102337,147952,118690,63556,45364,41353,41854,65401,98219,75788,47874,64609,58123,58238,53888,55581,58068,61355,66553,69931,79581,102634,96930,117134,125454,117237,94361,120134,120562,102702,128717,128487,118196,15860,20554,4168
facebook-messenger,8277,73158,71590,74861,37573,59342,66936,100189,79834,107425,91354,96587,139441,131638,118885,35843,59786,84766,120966,93282,49573,42334,38670,38914,67264,79122,62876,46366,42638,37909,37923,37094,37229,37985,43627,53301,63090,78580,102118,100821,120152,133220,120226,103792,128993,132142,104622,133233,138601,131691,15662,19121,4285
facebook-web,7160,61444,59842,69141,37600,58648,62674,84414,86005,96903,68879,70840,87379,91010,82357,26842,45511,60213,89969,70637,40611,37712,31482,30622,48793,79492,61740,37330,46435,36829,36655,34642,37432,39063,42056,43890,44825,48490,56367,50721,61577,70542,61913,48624,69312,76601,60875,73715,62219,59868,9302,13961,2973
fio-ib,463,5667,5631,6077,1971,9463,10011,10024,7493,12013,11913,9066,11003,11908,13161,11168,10989,12253,12717,8953,0,8,0,751,35477,19887,0,18,151,73,69,12745,25250,22377,13902,13381,12512,9381,25805,23027,29917,29258,14404,7307,12469,12052,8678,9501,10362,11412,4161,3483,5
firefox-accounts,1524,11935,10658,14415,8653,12260,13274,15827,11686,15547,14697,13042,16399,16089,17093,13428,14610,17375,17580,17266,16365,17245,15517,18019,15736,14526,11465,7226,10482,10786,10945,10356,10332,10543,11415,10210,11355,13399,15573,15715,17962,18620,15968,11346,21037,20984,16958,17982,17611,15504,7742,9444,1920
firefox-settings,1623,16949,16537,13767,6308,13155,17203,20740,18686,29095,25111,24781,24859,31569,27481,19083,25140,29690,32281,32652,30561,29962,26742,25931,29025,28187,18111,9635,13446,13197,12857,13527,11733,14601,15014,13657,15717,17044,19855,16278,21363,24421,22017,17633,11268,16128,14034,17691,18313,16537,8419,8822,918
font-awesome,871,9891,8206,10716,6229,7998,6713,8826,7197,10091,8037,3537,4547,4856,4341,3342,3925,5094,5811,3733,8373,11752,11723,12871,11378,8976,7124,4255,7364,5601,5457,5191,5496,5488,6000,6503,8353,9959,22130,17258,19749,23501,24904,18751,12700,12442,9035,14435,12420,11157,3617,4900,576
github,19235,51106,50004,26442,27052,25214,13932,20941,18085,22830,22786,20717,26416,28031,26304,24605,41394,55813,51660,53512,46972,20949,23384,24033,22415,21728,17337,14778,16359,17883,16885,17570,17327,17122,19089,18856,19843,23752,23990,20081,18999,19014,18834,15962,19883,12851,17162,22296,20629,13185,5981,17081,3465
gitlab,1507,3750,2894,3054,741,2390,3082,2470,2222,3468,3549,3857,4513,5017,4767,3647,4015,4145,5942,4737,3176,2625,2547,8702,3238,2887,2258,2905,3192,2692,2604,2476,2493,2568,2821,1838,1271,1337,1604,3973,5212,6208,6305,6282,8133,8389,13409,13995,11519,7215,4546,8756,11260
gmail,142,1488,4205,4528,2905,2896,9057,12317,7233,11336,12733,10613,15117,15964,15655,10040,10930,15254,14815,14510,13977,11744,12241,11894,11553,11023,7809,6681,5663,4750,4699,4673,4661,4468,9069,5739,9689,8161,7858,6713,8646,9111,8971,7938,6320,9784,7095,9574,9583,8532,1940,3568,196
google-ads,11134,139155,204069,152627,96893,107407,466835,662431,422093,670913,726872,647938,832925,889712,880790,492081,650728,875257,857263,855090,836228,687037,754321,676917,659457,720522,513082,416653,380295,349853,347213,340218,345811,310107,390044,338750,505832,427412,281059,249765,324571,328860,328848,286829,231625,340072,262737,347365,338131,320317,173962,153680,18756
google-authentication,2156,14422,27625,24873,15851,16962,82269,96795,48005,80687,103225,79369,99671,103923,102560,59135,77319,105166,100569,98689,95950,83669,92355,85303,80015,82869,54100,42526,36867,34407,33897,35803,39347,36235,42674,40725,66458,62399,46293,39576,51991,54550,55320,47337,35573,54052,40546,52345,51012,48121,24940,21108,1758
google-conncheck,4708,19213,31885,33069,18356,21697,108573,145349,102790,150560,150296,135671,175161,177361,164717,106948,128794,164690,158240,158844,153706,128026,135940,134245,129116,132957,104371,79364,66416,65991,70671,64233,57812,51540,58255,60083,96834,82075,62764,50953,67599,69452,72219,60926,51080,75439,58736,75962,77718,69346,40760,32846,3496
google-drive,1597,12059,15271,23625,16805,18922,24959,39666,32685,35390,44690,37029,46862,51568,53736,33816,39507,56706,47242,54647,67430,37808,31992,28147,23762,31756,21061,17667,17992,17060,15111,15985,14634,13005,24435,16064,21429,19299,13924,13796,15806,15224,16648,17592,12822,18916,14428,18676,18580,20101,10310,7820,834
google-fonts,2380,21422,33025,30949,20343,22600,98303,133396,85704,132333,138952,122696,154932,162639,162162,100143,122791,160613,156066,156936,150886,126784,142442,128832,119564,127878,92382,80320,79106,73589,73283,73651,76832,69734,88535,72400,97411,80171,49979,42580,59932,59122,59298,52423,44050,62724,46877,63138,60643,55987,29317,26864,3657
google-hangouts,1861,10651,14178,13212,9154,9288,59672,77357,42107,51559,52468,46477,56668,63516,59919,39819,45079,57148,68227,61328,60628,49494,58424,50525,43774,51092,33617,31606,23654,19608,19231,17252,15749,13609,17986,16616,27174,25910,18950,22160,20875,21603,22680,19919,15996,23740,18782,23170,22323,20956,11143,9921,1209
google-play,9524,57436,78110,70742,43505,52268,245957,341195,227507,359254,378735,313965,443889,479331,460360,288371,366428,477155,324250,415169,417163,365362,393188,362690,340646,339727,224543,177404,162151,153002,183388,181341,178159,167868,200806,185929,248359,207384,121921,114047,138091,152301,133541,119689,111287,155029,122389,159170,156570,147856,78147,66371,8191
google-safebrowsing,4915,29178,40017,35419,23039,26531,150148,208945,141185,225636,218275,203928,260857,272977,271404,174170,210061,278771,277816,278936,270894,229984,260900,242654,223517,245558,191539,170125,155776,141596,139212,138682,138709,120473,153606,142861,185496,158225,76328,63329,83065,85622,84397,74808,61394,89149,68470,90385,86274,84316,42880,39223,4270
google-services,3889,20473,32488,33897,21465,24952,88340,103567,69327,110723,120675,107004,137763,145165,144289,83805,111023,150959,146745,142908,135421,112294,119498,110959,103607,102486,73036,57895,50418,47569,46208,46465,42072,37925,49240,47442,67682,59693,52111,44803,61506,63742,64560,54860,44116,68217,52475,69370,68985,64960,33543,23172,2125
google-translate,1279,6921,10921,9212,5359,6809,29546,37951,21210,32844,32267,30682,39621,41055,41779,24996,27511,23253,20639,23292,22870,16018,19300,16148,15034,14403,10204,10305,9840,12649,9387,9324,8976,7421,9688,7560,9118,11806,4854,4621,6050,6320,6909,5411,5150,8611,7586,9570,9551,8687,3598,3476,409
google-userlocation,915,5045,11539,10073,6027,7019,30208,35314,18389,32515,35452,31270,40820,43064,42396,23420,30505,43131,41837,41313,39956,33149,37706,34095,31999,34513,25394,18777,15361,14077,14021,13029,12871,11806,15258,14156,24131,21529,16714,14011,18564,18566,18702,16204,12706,19172,14601,19176,18804,18056,9540,8505,758
google-www,11268,74789,137792,125388,78935,90847,432027,547493,231229,365490,391028,343689,443888,469100,463899,261381,349472,470166,442811,411688,399183,329031,371949,340567,316546,341354,251257,206032,184352,169515,166222,167875,181229,150343,186475,167947,251587,222488,121599,106118,138886,143696,211082,208291,168586,245558,185557,247078,245402,223515,115823,105033,12507
grammarly,6738,46425,54858,70271,40885,51190,59546,75527,59242,88067,92012,86198,110852,112426,122628,106754,119049,135849,138822,137286,129734,133328,124392,126641,115555,116408,104002,84235,108370,107364,104762,103577,104984,105531,110273,92234,108115,124376,141766,141283,157251,162880,165610,148938,196134,154997,143800,153339,144405,142173,79641,91973,18455
hicloud-conncheck,745,6852,10146,5573,3122,4039,9878,10602,6674,10934,11265,9376,14075,14083,13986,10098,8372,14239,13874,11790,11924,8569,8903,8697,8877,7442,5208,3612,5646,4853,8364,12848,6146,7958,9493,17820,11400,7137,20495,14149,8662,8642,15306,2148,3921,871,6089,3620,613,16488,2983,1465,52
hicloud-logservice,907,9861,7053,6167,3814,4909,5858,8365,7240,10058,10364,9244,12791,13074,12050,9021,9835,10941,10591,9931,11437,10960,11929,8597,9789,15235,11211,5884,8304,7465,5850,2287,2106,2117,2328,2684,3347,4172,5387,4935,5670,5692,5820,4364,6079,6487,5303,6409,6083,4490,35,465,71
instagram,18327,139091,136557,156251,78418,117444,138304,183030,148491,194699,171346,180086,228417,223696,197481,62028,120513,157281,203914,160906,82418,59465,55467,61924,115423,173763,114820,75387,81775,78031,79541,73061,75411,74360,86946,108994,152104,179009,243801,227883,254049,306501,271670,207830,264660,260872,203819,258230,257301,238900,22474,27821,5806
kaspersky,10995,52652,50171,60902,35006,53533,56032,66362,52093,64488,60658,53184,62033,59562,60274,53285,52406,54891,55217,57156,54605,54560,53792,55910,56519,55536,46416,38481,46904,43029,41928,39014,38267,36515,34660,26366,31121,34504,36412,34426,37220,36327,35712,31967,35504,26696,29024,32714,32122,31386,19242,26766,7464
katastr-nahlizeni,93,992,955,1152,479,1405,1476,1617,1190,1569,1375,8161,2070,1877,1188,360,669,1737,2069,1930,1666,1553,1511,1511,1612,1759,1166,717,1340,1278,1267,1277,1370,1410,1223,1283,1315,1142,1252,977,1114,1199,1340,1016,6082,1185,846,987,863,686,255,381,99
kb-ib,157,1837,1954,2083,719,2777,3687,3310,2499,3689,3752,3357,4067,3742,2611,1303,1856,3948,4202,4884,4192,3863,4093,4446,5011,4122,3296,2024,3633,2624,2317,2358,2800,2726,2532,2662,3353,3512,2988,2579,3212,3955,3245,2508,3417,3956,2496,2850,2522,2936,1670,2079,399
king-games,5231,30668,28260,33482,19182,28318,39619,37566,27971,36605,37258,33576,40578,39773,40734,33551,36867,37760,37091,35322,32071,33223,31041,29936,28100,26482,20357,14788,19720,17993,16766,16817,19208,19003,19195,15184,20661,24264,27346,26300,29576,30506,32199,25707,31098,27216,25315,30174,29533,30224,15321,18872,4156
loggly,1067,15856,15284,18679,13088,14987,18164,20273,17877,27637,21333,19637,23256,21084,23327,17774,19879,22032,22251,22310,21825,22472,20753,21711,19574,19865,16697,8051,14674,13517,13356,13184,13577,14909,15237,14644,15934,17150,19842,17780,21326,18770,18174,14332,17858,17507,13436,17280,17360,17182,8220,13435,1993
malwarebytes-telemetry,354,13818,8244,21598,12567,4758,3229,3132,6535,13548,10643,8739,11027,11304,11436,9492,11834,12615,9506,14022,12633,16182,4109,3931,4604,3746,3189,2294,4559,4860,4993,4461,5431,4557,4789,4191,4205,6871,8209,7918,8998,9170,10351,6921,6963,6563,7669,6711,9006,8150,2460,3105,623
maps-cz,9195,74251,64562,83000,25574,100873,114139,145107,122456,159265,152061,146812,192693,192189,184305,151576,158565,187168,196581,193711,169741,159520,163620,154388,169218,167714,131462,83760,135230,131012,128325,123202,124992,126909,121403,130870,127158,139873,168838,165716,185190,180242,174862,144531,174791,174493,136765,155305,151574,144670,78653,80600,14190
mcafee-ccs,2592,16984,12235,11103,4982,9691,11555,17803,12792,14491,16490,14028,18766,12578,3151,3211,2814,3854,4029,1759,1317,2017,919,884,1157,821,618,663,417,643,492,394,489,649,772,1189,1094,1725,3067,2043,1468,1626,1737,2162,2458,3244,1703,2852,5670,6079,1327,5057,555
mcafee-gti,7974,56349,33764,15819,7983,13023,192982,225916,182427,275813,231662,240747,249423,300914,254135,222789,200868,284240,251199,274968,211380,235279,288894,283251,251487,297052,242221,309038,239128,245943,235032,244163,140232,207512,201612,218485,241268,228446,17926,21075,20112,20120,20985,18236,16061,23036,18328,23044,23929,21685,15282,16246,2537
microsoft-authentication,27120,129104,150357,190961,40368,253797,211848,234918,191039,247943,238735,305829,291248,285472,294784,241245,254257,293065,290169,279095,277447,294363,274181,252589,259485,246557,199596,136916,217363,185466,184747,209458,191204,193178,200851,224433,243312,265924,283560,258813,294546,307538,347493,250421,324397,325013,264862,314008,320571,316049,170308,223425,49302
microsoft-defender,13380,79225,66697,86828,26423,132206,142408,153612,130212,175379,176661,172143,216244,222637,219971,186753,185093,216532,225398,220787,212239,209444,243160,201781,209119,197594,177946,103578,157126,156563,158588,152368,149526,167109,177234,194132,217133,205162,229028,200339,231627,242751,236212,189414,241608,229524,197355,223180,177671,120171,61003,86526,19716
microsoft-diagnostic,50424,178863,158976,188429,47470,253334,271566,282092,221368,293393,288677,271908,313526,319030,317305,292394,301091,323371,312386,317713,307358,296915,304094,298820,313706,303902,247918,209190,249562,233972,234122,234922,236484,250469,255401,269411,283238,284024,303197,284203,292063,304333,302321,256360,311267,322589,276212,305962,306483,302699,192190,271062,73275
microsoft-onedrive,24616,105770,97000,98337,41310,111155,114319,131323,95880,117065,98038,79855,105581,117498,123686,112200,110304,119813,131504,130111,119037,105210,114627,132779,115893,116643,89755,84660,100111,84372,70681,82917,88940,93611,72910,91333,107036,111108,119205,121072,140926,138774,132460,112383,151285,151803,139139,131290,149388,118699,46959,102590,29639
microsoft-push,27012,83749,87658,83350,14880,62188,125483,187848,138343,198511,159644,91982,100606,137983,160862,164570,126840,141746,156760,147435,145297,116362,76304,69310,70104,91494,72540,41530,52341,58067,51107,43793,44068,62849,69563,87187,138488,153541,148925,123875,155817,141013,139849,88731,121896,129788,125053,128364,146392,128701,59759,77240,15440
microsoft-settings,35897,107914,141910,188599,45819,253946,261579,259092,217093,273166,284096,245032,296858,297838,300670,270954,294893,326562,310122,304791,288180,280469,279532,268091,288576,271527,228685,190829,228778,213351,219947,218579,214821,227040,234831,241442,244510,251410,272092,260901,270941,279083,277395,240506,283873,329410,283872,287381,290855,276823,152113,228458,51013
microsoft-update,38104,220932,218121,283088,103607,247953,216676,233182,228607,245073,239095,294331,415566,450752,416293,364504,386083,397617,383336,386113,365505,314579,351424,337234,337887,361810,305569,226908,212560,161196,147418,142463,143147,167031,187969,194807,195199,180489,200247,235300,269874,308728,306388,199432,244907,265943,212730,250156,223395,198455,163770,194538,53512
microsoft-weather,1694,10500,10374,11776,5628,10376,13176,13752,10570,13523,15173,12746,16421,13197,10577,4950,8395,12367,12781,11606,11078,12178,13092,12710,12077,13371,8143,4935,5465,6485,6617,6870,8039,9775,7872,6690,14785,5819,10884,8210,13825,15473,15484,12053,15070,13371,10581,12920,10040,7163,4672,10413,1841
mlp-search,1851,4559,7561,8078,1591,12622,13891,13454,10429,14315,18443,12250,15343,16155,15845,17747,16341,15520,16820,15423,12542,13742,9238,8467,9299,9982,11765,8772,7250,6588,7310,6910,7538,6270,6410,9509,10308,9914,10617,10399,9850,10272,11043,12831,14578,14285,13648,11446,12343,9235,5976,10328,3154
moodle,5741,19334,14936,12708,3226,10381,11069,16753,14550,17445,20431,17514,19081,22338,23631,20945,26281,24181,18431,17426,16488,15877,12448,9188,8367,7985,3601,2216,6436,6600,7546,8261,8206,9347,15422,16477,11523,15861,50698,27239,24058,25297,25021,16858,19368,17160,18759,19018,21961,21719,13532,12292,3528
mozilla-location,2067,11746,14580,15700,8497,12255,14504,16632,13583,19052,19808,16891,21409,19658,23191,17066,18464,22842,20953,19826,18375,18282,19860,16908,12260,12252,10298,7736,10704,12927,13267,12151,10895,10964,9667,9835,12092,12816,14076,14086,13352,12966,13309,13172,16020,13288,12039,15377,14766,12795,6590,6827,1509
mozilla-push,1207,10987,11945,13730,9226,11578,13016,15307,13631,23873,21762,15970,22316,20770,16234,17393,19843,25169,17989,15845,16003,16413,14799,15303,13296,12019,9672,5862,11443,12232,12743,12669,10931,11254,10269,11904,13190,15273,16784,14879,16362,15911,16610,14454,25161,25418,19243,21377,21593,17976,7881,11502,3021
mozilla-telemetry,978,10008,18719,15729,11126,11549,59461,81352,42061,56983,57690,44980,65201,68258,68024,38353,50443,68822,69827,69029,66944,53904,64965,57631,54066,60401,45759,40611,36519,31654,31359,32429,32058,27241,36875,33695,46973,43017,19627,21888,20435,30127,32828,29888,23814,34016,25080,34061,33156,30496,12721,15368,1628
mozilla-token,1654,9715,8140,7853,4766,6738,7354,8905,6673,8875,8315,7766,9871,10040,9552,7992,8546,10105,10596,10865,10349,10626,9811,10741,9020,8344,6820,5050,6273,6053,6262,6091,5964,6021,6445,5336,6616,8036,9319,9324,10126,9233,8433,8088,14991,9481,6028,1908,1953,1720,3027,2537,357
ndk,10820,26248,26223,29355,6360,38819,40218,46586,33226,40598,44085,37184,40509,48757,51039,46023,49988,51454,42912,34918,37149,40085,40714,41306,38286,35124,31397,33685,30354,25310,24790,26274,24853,27768,29163,23256,20854,17658,17644,25166,33070,43632,42207,36581,47117,44045,48164,42625,44266,39075,20874,21165,10760
netflix,1345,5302,5577,5358,10745,4358,23647,16897,19198,33656,32250,13457,11529,12119,14486,6289,23814,11332,14582,17752,10985,5652,6166,7644,26363,12177,6936,5201,8829,3559,6567,4882,6491,4288,4307,3836,10145,7323,10384,12183,13371,11541,9574,7924,13879,15021,7178,8770,9010,9669,3583,4317,694
npm-registry,1723,5688,6897,5601,903,5728,6148,7630,9829,15859,19152,13537,17610,19266,19476,18514,17670,20300,16739,15755,13485,12456,14199,18448,17727,16380,13277,12052,8832,5628,6323,6054,22794,9859,4529,4499,4717,5508,7260,6920,8557,8966,9749,7861,9703,8980,8690,8892,8536,8866,3276,4411,965
nvidiagfe-events,2227,15005,16032,18637,10204,14995,17093,22135,16149,21574,21709,18472,18092,21556,24796,24640,24036,28111,22489,23267,22554,21664,17642,16414,17835,13206,9404,7621,9438,9732,10812,9890,12169,9661,6937,4471,7605,10601,15058,16088,19122,23835,25912,22488,26280,21913,22423,27944,27970,26738,15159,14800,2556
nvidiagfe-services,2222,13125,11861,12956,7157,11047,12852,17005,12793,18625,18132,14485,17987,18459,18081,14197,16487,17675,17875,17257,15689,14519,14160,14540,13584,11602,8448,6758,10086,9903,10650,10259,10919,10900,11836,12439,14387,6923,3122,3170,3303,3761,4766,3936,4967,6119,5948,7369,7283,4883,3007,6784,1466
o2tv,23834,72126,70038,90904,21598,115614,220118,199214,137352,176064,136925,122859,139052,129551,124708,94894,110547,122846,123174,125926,133521,159344,92132,86532,86378,80277,70837,61957,65649,65657,66407,58709,57969,74135,69132,74801,82193,82649,100986,90092,104682,107456,100930,89054,104822,108863,87886,160147,132007,106841,65751,69718,22639
obalky-knih,3508,10061,11374,10867,3707,15624,17604,17100,16746,21417,14817,15656,21866,23641,21337,16233,20139,18706,21017,18448,18311,18336,18760,16919,15436,18132,20837,19872,16357,15645,16598,14053,14443,16202,16863,16719,17166,21362,14780,17869,18002,17765,23228,18068,22502,25076,19961,20395,28179,17518,14753,13532,5231
office365,25797,198440,174698,210810,78611,274075,294287,346435,277361,384253,362578,335826,439961,469488,459568,351928,397017,457325,479580,451790,440325,418239,401322,372852,380917,357114,281692,149953,249111,236006,232674,227689,224687,235431,262622,304962,329816,321702,379988,346930,415666,435946,456525,353694,474814,482587,380409,490651,496571,465280,197544,271910,45576
opera-autoupdate,1264,10581,5318,6782,4089,6322,10809,18126,19273,18191,19734,16041,19475,18979,19530,17040,17424,19124,20282,20341,19584,19145,19771,19331,17860,16489,5201,4661,7788,7938,6921,4511,5591,5064,4822,5387,6011,13791,17676,8486,10104,15463,17502,13718,17128,20587,23618,25387,24910,15522,10000,12292,1641
opera-sitecheck,1292,10376,4791,6357,3905,5008,8811,14896,13424,15938,15080,12157,17292,16736,14498,12746,12532,15615,15277,14602,13293,12907,12189,11530,10885,9396,3952,2274,6615,9660,9508,9549,12411,12723,9049,10911,12149,14392,18646,17922,16873,11447,11137,8990,11646,12049,6510,8311,8394,5763,3659,7698,950
opera-speeddial,1713,9218,5640,8211,5847,7753,12514,18878,12501,14885,14062,12165,16404,16518,16146,12300,13149,14877,14999,14084,13242,12874,11976,11470,10770,9674,4121,2743,6497,10115,10077,9846,12944,7850,5744,9895,6272,7309,17575,18777,12934,11336,10748,8763,11645,11565,8144,8253,7994,5594,4368,7556,1184
opera-weather,956,8277,3493,3407,2003,2405,3789,6216,9082,12577,12106,10133,13857,14258,13900,10403,11187,13060,12910,12270,11734,11712,11393,11228,10026,8145,744,25,51,61,60,66,87,53,75,93,237,768,1438,1447,1590,1678,835,154,211,170,107,162,435,162,0,0,0
outlook,26894,168365,153254,185267,70660,252325,258565,292408,228830,321769,271005,262879,335356,351441,336193,257877,282011,312239,331427,307208,270364,266876,268565,258876,274616,287398,242340,150634,222707,213345,207747,204469,193752,206592,225021,252622,259594,260888,303476,267807,292659,293753,297327,236569,311408,317706,259624,326828,328892,317351,113273,198876,36301
owncloud,2307,6642,6237,7509,2989,9011,7317,8226,7779,6424,14210,9710,10815,11927,8736,5792,18713,39348,21247,21588,20614,20236,20206,19364,13184,4530,4003,3840,6010,5492,6358,19673,23746,19630,19347,19319,36847,43553,65941,47409,44666,41610,39270,36531,39338,39073,38068,37994,26333,4884,3923,8281,1903
pubmatic,8957,116284,83730,103880,68065,84822,102022,122368,119340,169336,150285,132528,163468,158519,166068,123125,141551,164291,169121,159310,158610,161261,150489,173492,160600,152414,118104,68413,110112,102341,103715,95411,106693,100712,114567,115849,100644,114387,119319,103624,121010,122759,131105,114278,154824,160241,130562,164440,163445,135257,37305,116315,22807
r2d2,1432,13458,11431,13058,6271,16574,18401,19851,17454,27320,23228,21173,24586,24471,20132,11680,14384,21865,21853,21108,21482,21855,21230,20793,21016,19774,16464,11892,15589,14316,14858,14858,16755,17598,18828,17283,20802,17980,21214,19295,21192,19530,17503,14445,15418,16618,11873,14114,16072,15767,8904,12221,2323
rb-ib,812,7310,8907,11303,2732,14721,12361,11502,7216,11821,10602,8990,10942,10982,10926,9257,9812,11379,10285,10373,7872,9711,11086,11530,9192,6820,6681,4179,6609,4445,5939,7254,8645,5801,7147,7904,9233,10215,9701,6943,3269,4216,3954,2758,3974,11916,29034,24003,25513,28501,3615,5043,1081
redmine,12,58,45,67,27,66,193,37,50,150,50,64,64,65,61,47,81,92,53,64,89,99,57,66,73,66,96,79,86,77,79,48,98,69,106,75,82,87,88,3763,6775,6929,7070,6638,4652,3256,4366,4582,4594,6712,2949,4631,1709
riot-games,2268,14069,12681,13308,4454,9833,10427,19467,12011,25808,18774,14165,22605,29126,15353,15006,11536,17552,18586,29939,28333,40087,24343,48132,24167,29639,13092,8460,14281,8848,9096,7051,12805,7906,10884,8435,20082,21050,36788,30520,53903,32816,55693,25576,59751,30802,38863,28675,24762,44829,12438,12639,1787
rozhlas-api,2282,12881,11678,12845,3698,20045,19310,20741,14852,14409,9973,10010,14619,16208,11386,7755,10911,15965,14133,13194,13757,16933,16607,14974,19359,17794,12104,12126,11027,10576,7666,7248,7439,9992,12467,12214,22413,22177,23328,18253,23325,23090,23875,20225,24455,22737,22119,22393,23316,23925,13842,22770,5534
rubiconproject,12049,159658,131720,163246,110324,133789,160457,221709,196978,286096,252131,215884,258900,247851,243879,185909,196176,225034,221830,210779,210881,164887,152031,165508,156045,146636,111494,64140,111431,98444,101570,98677,105147,104771,117521,114216,117921,132840,144610,127696,154352,165198,167695,137714,186614,198543,139411,166128,165740,139566,49750,102193,18529
salesforce,5096,29215,25789,29154,17146,28881,29403,32145,26261,34266,30390,26416,34706,28324,36990,31736,34724,36939,37953,37129,38799,36208,36682,35715,31381,33295,25608,16122,24278,24291,24719,23351,25345,23349,22798,19320,22947,25900,27541,23761,27742,33984,33287,31489,36034,30422,28436,41737,34236,33084,16979,21220,5263
seznam-authentication,8663,97199,87156,104397,41768,130319,138749,150909,127418,189761,158485,147240,187531,179183,172036,126238,134813,159768,170678,210081,191602,189116,183117,170141,188752,200667,157751,81338,144761,137044,141781,127137,118814,126101,131413,142263,127690,123141,135137,113339,138004,137245,136433,105913,141511,139806,110497,138434,136121,132533,61351,87197,15527
seznam-email,5606,62738,55163,64515,24921,78025,78462,96431,74445,100451,92730,86826,111805,134742,153289,94413,92198,108008,109090,102156,85366,81489,81479,77052,85236,81233,67519,35459,59259,55024,54157,52797,53883,57363,61813,72826,76639,75464,87301,77835,95141,97637,100727,78353,107342,107422,84129,110013,110936,106333,49795,61750,8545
seznam-media,23527,136674,124020,175245,76667,219329,179295,205189,237313,402388,324998,280888,355271,329153,302067,229895,234384,273207,291184,284838,262178,259178,251276,230445,238781,253919,210509,114787,190276,187954,204343,195079,194623,204890,219433,227839,241795,244872,245519,204769,235382,249797,247612,199956,252136,262435,218391,262161,247137,249284,116853,178227,38806
seznam-notifications,3114,30893,27460,34420,13454,42842,46409,53228,52246,94668,64242,46178,57098,106998,54342,40197,42657,73710,92379,51941,47960,48692,43789,41175,44505,50055,37221,19853,34525,33375,33699,32519,31893,34021,36307,38421,39930,39977,42283,35722,41774,43294,45056,34509,45607,44043,34974,42969,42669,41962,19717,28108,5448
seznam-search,1187,9841,8867,11116,4454,15922,18234,18585,12789,16014,14572,13129,17329,17402,16792,13269,14046,16344,17182,15998,16092,15872,15374,14707,15631,15390,12367,7678,9919,9449,9530,8675,8726,9311,8722,9023,14463,20456,14953,8685,18713,14627,14308,10811,15144,15325,12215,12328,14802,14410,5502,8771,2214
seznam-ssp,6740,62928,56343,69632,22191,96007,100278,106297,91873,139129,115541,102876,126107,128117,123425,97166,97899,113957,116179,113780,111958,115996,111229,105304,109409,103764,84900,47194,80819,77198,80678,76739,77267,82083,88331,94610,95802,93192,98152,81124,92212,95960,94052,72632,96775,94502,75098,91141,90424,89350,47344,72918,14722
signageos,4654,11982,10264,8357,3202,9234,24522,16392,25670,44192,41082,21833,22437,22661,17989,19349,21166,20332,18988,17431,16537,10010,7253,4265,9174,8307,8111,8608,7789,5902,5874,5904,5931,6098,6109,5551,4914,761,516,5819,2381,2427,2969,4538,11748,9682,21891,7793,6224,3757,6006,8337,2587
skype,29818,156707,149434,177339,69975,188153,193626,230015,173609,220705,206756,198264,250645,261968,245684,187928,204233,205086,224070,219941,205532,195756,186587,187973,203013,212661,174062,130190,152662,127209,114899,118843,122156,131777,125671,141889,142477,99615,94568,87529,86878,88064,93361,78776,107513,95380,79667,95654,97386,91192,42974,62145,15218
slack,1504,9008,6045,5105,2201,8328,20970,11413,13832,23350,18012,11105,17239,18039,15664,11215,11276,14693,14327,12325,14149,10820,6492,5891,5692,6038,4439,2300,5624,5809,5790,6562,5075,6570,6331,5660,6744,7439,9919,7835,9205,11116,10533,8398,12667,11167,8353,10637,10552,8274,3032,2803,354
snapchat,3774,45808,107020,82124,46964,46362,236386,357461,168766,420695,400857,288844,444013,473268,466616,115957,323814,474605,401705,407590,390867,291062,399544,327158,300002,353303,220862,124389,37841,36689,42781,30475,29434,27960,34639,48359,216999,317919,174563,187806,200579,212470,211702,159246,172686,213836,150131,207477,191920,185160,85178,83755,2855
soundcloud,1712,12238,7678,6594,3338,8341,9650,11884,11366,18909,18451,11403,9478,11868,10550,9460,9779,10210,12780,10955,9291,9558,10863,10632,11221,11486,7091,5468,6615,6529,7354,6628,5107,6614,6023,4261,4993,7163,6610,7902,9254,10384,8225,7321,9946,8582,7912,8135,8828,9837,4513,4610,1045
spotify,15369,111279,123868,121854,66224,89891,214160,307114,203393,324983,346523,312831,397814,417377,402969,199169,267682,343087,353426,342840,306072,248143,277841,249220,244451,258550,169924,120301,107488,101702,99611,94446,92958,99127,103924,107118,144094,142189,121606,139726,134740,146582,147761,118111,100408,146737,115511,149563,160024,135395,67844,46324,3458
steam,3352,13808,15106,18363,5488,19134,27446,25539,19540,23737,26692,23980,28956,28623,23537,15717,20650,24617,25386,23923,22292,21035,21188,21077,21894,22356,16052,12491,11202,10576,10653,10405,10972,13794,12631,11957,13804,15635,19946,20251,21875,20418,23030,19427,24473,25820,31814,40212,26818,21055,11270,14330,3504
sukl-api,3324,11380,10746,12564,3607,17958,17241,16873,14672,20377,21936,16757,18092,19117,18260,17646,17918,19217,19572,23278,18169,18851,18860,17654,19089,15925,14181,14356,15996,13974,13255,14816,11917,12322,17353,16184,12446,12680,12667,13667,11567,12674,12360,11564,12950,12273,15168,19308,18709,12761,7768,13483,3269
sukl-authentication,2244,6615,7183,6200,1308,7722,7891,7770,7582,9791,10981,11714,12622,12551,11896,11537,8436,11935,14004,10217,9142,7891,8232,7991,1497,5548,11260,8058,7309,6811,7247,7303,7108,7959,8048,8381,7855,7733,7700,7742,7263,7440,7669,6965,7647,7514,7805,7320,6873,6617,4454,6957,2077
sukl-erecept,481,12679,11497,15423,5729,21075,22524,22263,17303,23761,21507,20816,26540,25184,24512,21723,21890,26320,28568,26078,26989,28078,28888,26556,30341,31571,29223,14901,26952,26917,25335,23332,24689,25911,26072,27968,27678,27801,29298,23558,29419,29135,29059,24439,31760,30031,25243,32961,34477,32483,12099,28160,5943
sumava-camdata,29,49369,10506,7823,902,8703,17841,10426,2187,4994,5967,15327,4359,9273,22676,159,14912,5819,8338,39360,2201,4743,2423,158,83,8,194,180,461,3,132,33,20,46,143,132,18194,13871,11397,862,542,6552,5070,4045,4769,2353,342,1139,12552,17443,7881,29453,121
super-media,2230,21307,18780,23210,8872,29905,30574,33760,26698,36938,33182,31225,40010,40010,37267,28665,29933,35046,38600,34524,32463,33098,31857,30312,32989,35026,27242,15673,25090,24776,24047,22240,22867,23634,25545,27115,28568,28493,29412,23226,27934,28643,26580,21746,28351,27941,22176,27445,28919,28298,13229,19848,3872
teams,34102,195245,170186,207467,63559,275389,294314,339601,246276,379185,365289,320768,416785,420458,400756,315672,340402,383951,393552,369547,346170,314144,290588,268591,271322,260569,203352,120374,170735,166652,167140,161757,158809,171246,181176,205298,221820,236236,294609,291844,338000,345515,256300,161601,207870,211389,172616,237704,220519,225477,114054,130747,33166
teamviewer-client,1555,5643,7584,7523,1797,10747,9393,11264,8120,10303,10191,10005,11355,11995,11686,10434,10412,11374,12392,10826,9855,10249,9938,10280,10906,10200,9140,7721,5941,5811,5701,5823,5388,5764,5973,6211,6243,6113,6412,6099,6224,6127,6086,5316,6308,6245,7284,8838,9450,8912,3807,5660,1667
the-weather-channel,1578,9298,7058,7086,3101,7610,9554,12397,8987,13391,12836,10568,14813,15225,11778,5427,8719,12406,13920,11792,10736,9897,10057,9886,10796,11922,8960,5808,6665,6983,7721,7030,6935,7429,8264,7894,8953,10114,12322,10011,10611,11110,11134,8345,10377,9967,7688,8690,7661,5703,3291,4953,882
thunderbird-telemetry,614,15065,10758,6655,4003,4344,5707,7878,7461,15394,11091,6200,8270,8027,8571,7104,7132,9588,5489,4571,7055,4777,4088,4562,3596,3508,3163,1476,2146,1536,1498,1516,1585,1447,1608,1899,2180,2835,2188,1937,2957,3000,3035,2654,3916,5222,2808,4109,4939,5540,1683,4542,686
tiktok,24588,155313,151456,197065,87308,174471,214153,277330,217265,354171,352983,297921,394067,390423,380768,265777,348084,396797,407311,380495,371955,361994,373430,358149,339795,342665,244408,159055,226161,206091,174502,205481,243584,155960,209105,246383,262517,317543,404862,411369,426828,468802,480299,376957,480763,499448,420883,496518,504345,436626,208050,286134,48636
tinder,2705,9828,8804,8551,4453,9574,11869,17663,12766,15345,17034,14533,16647,17679,18018,11974,14976,15557,15185,14067,12836,12573,11378,11454,10309,10077,6730,5131,5928,6145,5651,5672,5280,6133,7127,7055,10124,11015,14042,14306,14108,16447,16284,14689,19121,16937,14958,18701,15971,15365,6640,7499,1395
twitch,7604,50150,52517,55495,26103,47739,51434,70410,61640,69038,62016,55250,70456,66435,71235,39079,52366,55982,60097,55954,49297,38944,37471,37323,40303,40134,26834,22791,25508,23484,21871,21303,23085,21751,24583,22205,26532,33669,44821,47201,45829,47894,51844,45012,60648,63160,46081,50968,50717,49871,19609,18926,3398
twitter,12101,106412,102668,108285,67921,97021,103927,133240,162896,253226,190762,161076,191885,185990,182641,134776,154111,177523,177561,171592,160694,156070,152517,159448,152335,138404,111435,71862,102630,99763,102401,98632,105099,97104,100599,107420,122127,116660,130126,121034,130581,127483,127622,98410,124094,140131,107427,135115,129403,90571,16306,56750,9627
ulozto,1561,10374,7920,7050,2838,6644,9878,13458,7128,9381,11018,9421,11724,12394,12002,8248,9074,11103,10780,9155,10104,8841,8179,8626,6525,6168,4457,3443,5381,5257,5547,4931,5452,7791,12387,7491,14643,16104,14764,12831,9150,8702,8700,7354,4883,7712,5759,6447,6948,6245,3012,3596,339
unity-games,1152,6599,16937,18211,10564,11842,48397,71667,38502,60088,56014,48137,70666,75953,76221,34771,54129,75189,72384,70907,75791,60962,74842,70613,67926,76455,46111,28213,27591,27950,28504,33055,26666,23655,28879,27215,56380,49291,40820,50497,49723,56498,62139,53295,42904,59653,41919,58550,58264,52474,17744,17427,1924
unpkg,1325,10344,8763,9874,2512,11938,11860,14008,10671,13991,13162,11969,14960,15288,15413,16958,12975,15358,14336,14268,13744,13809,13459,12478,12536,11794,8204,5196,8457,7868,7500,7339,7529,7811,8093,8127,9074,10274,10910,10516,11522,12712,12986,10180,13681,14157,11447,14826,14044,14736,5199,8284,1453
uschovna,289,4131,2942,4095,1671,5629,6451,10638,5694,6640,8346,8813,9121,9421,7370,6374,5850,10185,11052,10535,10382,9032,8637,9842,10579,10880,8458,7749,5643,5443,5307,5063,5235,5599,6817,5919,5984,5985,8821,6747,22273,8385,11305,7610,9824,10039,7632,10079,10705,10320,2352,3678,269
uzis-api,2874,13327,12591,13000,3297,21119,18764,16888,13611,15100,15206,14173,14965,15638,17452,13841,13947,14597,17122,17411,13795,13741,13313,12589,13323,9511,6918,6808,7742,7596,7243,6897,6320,5971,3928,4619,4031,4402,4920,4663,5503,3338,4613,4300,2993,4857,5192,3579,3297,2203,1248,1259,294
uzis-ocko,576,6717,5290,6906,1878,8059,6488,7501,4183,4470,3769,2953,3342,3428,3108,2379,2205,2238,2258,2039,1783,1625,1514,1314,1234,1199,1243,791,1351,1494,1363,1110,958,1122,1069,945,891,1011,1072,1029,1287,1495,1148,1136,918,766,645,681,604,505,233,303,63
vimeo,1178,7698,7153,8439,6243,16994,9183,18372,7183,25811,10415,7808,13969,18206,21039,12458,12419,15436,12654,11920,12066,12056,13857,9358,9116,9878,6489,4599,6024,8254,5669,11859,15930,5112,7065,30121,6104,7700,6522,6766,9856,11493,11614,9190,10646,10777,9537,12224,12588,16028,5044,6108,1504
visualstudio-insights,1909,7683,7387,11226,2049,11848,12061,14543,11338,14946,14768,12963,16015,18016,16672,14529,14991,16845,16650,15042,13373,12734,13847,11810,12106,11132,9377,7096,8511,9040,8817,8454,7752,7842,7813,8213,8985,9244,10402,10280,11010,11725,11781,10149,12349,12385,10404,12346,12340,11735,6172,8152,2062
vmware-vcsa,7073,20614,20471,23943,12647,23647,25664,28345,19852,23478,23625,22246,25770,24026,25774,25755,26100,25720,26413,26211,26537,26601,27112,27405,28277,27570,26149,27524,27424,27195,25785,27119,28198,28694,31831,22062,31431,35298,35565,35723,32179,29603,30286,28604,30246,20258,27750,30061,29360,28525,18900,30183,8689
vsb-sso,5145,13923,12504,15146,4449,22138,12055,9927,10014,12813,10637,14356,15812,13253,10964,6365,11891,16244,20994,23595,21637,14759,12849,15152,14090,7330,6285,6508,9470,6605,7218,7534,8715,9611,10433,14738,16602,35717,25594,18715,16970,15185,12889,14165,13566,11371,9455,9720,12903,17588,4575,5741,1760
vscode-update,280,1462,1340,1653,411,1852,1281,2801,2781,3227,2309,2807,4034,3498,3055,2238,3453,4544,3793,2341,2074,2088,2746,2070,1414,831,213,60,146,113,97,157,102,120,123,124,117,218,295,337,345,666,796,242,408,565,266,340,265,301,228,164,23
vse-insis,7319,28853,22764,26338,8932,29086,27383,28292,15177,19133,22007,17981,19139,19796,18175,15216,21533,23575,23487,28794,27885,26589,26460,25376,29138,22067,15692,11386,9763,8753,10001,9744,11244,14591,20227,28451,33399,33162,35852,23699,20954,19231,19231,18422,23143,25619,20695,21987,24551,24712,19459,21734,6000
vzp-api,962,6547,7086,8828,2592,12636,12822,11073,9169,11491,10680,10308,14477,14661,25965,9138,9055,11582,15875,19003,14789,14904,16190,15525,14964,13577,11615,11033,10767,9903,9688,10463,9089,9706,9341,10333,10692,10749,10900,9582,10622,9006,10450,9561,11484,11303,9165,10489,5331,11304,3895,7687,1841
webex,1603,9554,9763,12793,7388,11266,13623,12988,14032,24544,22641,13579,16865,17014,18688,16081,19258,20552,21664,17427,17796,16586,14011,13247,13246,12679,12236,7867,9375,7911,11556,11265,10332,10673,12220,10918,12637,14876,16239,14533,15000,14962,17852,13844,17623,15722,11423,15475,15515,15274,5527,9040,1940
whatsapp,5858,33156,27227,27764,14252,27469,39297,49511,38229,50658,42794,44150,58504,58693,49638,17383,30313,39065,57306,45556,21173,14762,14478,15668,26148,41291,35551,26215,32330,32148,32427,25708,27856,26965,28417,31666,35491,42421,41740,36071,39494,37201,36801,33085,38205,38803,34197,41683,42986,44591,5821,10633,1732
xbox-live,3422,17218,21504,21452,7013,23540,29607,33965,24228,36341,35090,29778,46573,42504,43080,29681,34515,39557,34973,34527,49846,36945,35748,37853,34320,30153,22592,18471,27071,27004,28535,28661,26975,29515,34873,32285,32726,40801,54191,56303,44008,42426,43552,37890,46761,49518,40503,52799,47819,38672,19532,25472,5456
xiaomi-accounts,1255,10791,10757,13456,8402,10601,12668,17509,13885,19080,18911,17321,24368,23686,25609,20873,25738,25229,24842,23440,21612,20388,18421,17029,16019,14564,9986,6675,10058,8544,8350,9178,10901,10797,11520,10258,16289,22021,17551,7619,7061,6725,6587,5100,6342,5141,4508,6295,7377,7173,3846,4375,803
xiaomi-tracking,2170,16225,11409,13308,8020,9762,11219,14777,12862,22794,21681,16285,17447,22900,24781,14474,20531,23289,22508,21952,20155,18271,18287,17791,16829,13288,6875,2972,5981,6232,6143,6036,6246,5862,6338,6618,6577,6627,7614,6934,10786,13134,15117,13223,16755,16585,14125,16362,15983,11404,2233,8840,1873
youtube,12021,64989,94835,90793,50929,74638,265712,363605,245704,392118,401669,273805,270326,285229,281929,160814,236934,307496,434689,280066,273290,263963,248795,226275,211164,225852,158579,125962,164332,167033,169412,161828,221779,155421,182709,176210,242808,205790,155159,143647,175317,182644,185743,158341,133821,191676,152311,191882,185654,177687,98384,81507,8620
zoom,1425,11749,11457,12254,8196,11164,12410,13861,13316,21840,22548,17134,23117,25831,23477,19759,18738,23309,22615,21663,18486,16980,15442,14844,14500,13121,10368,6423,8188,7974,7751,7005,7021,7569,8514,8724,11906,13401,15376,14743,17370,17475,17471,14350,18531,19886,16653,18453,17861,19905,6289,6912,1626
zotero,423,5211,4557,5370,4504,6352,6607,7060,5330,7322,5610,6407,8435,8261,8769,6391,7142,8400,7921,8152,8047,7089,7202,8394,12596,6479,5035,4150,6067,5574,6762,6209,6348,6851,6825,6037,6565,6441,6628,7077,8038,7789,9410,7500,13112,12249,9045,10120,9392,9542,2354,4734,920
