archive,path,bytes,sha256
scores-confirmatory,results/track_a/20260916-140053_S_train11-14/scores_val.npz,102561286,8a317d07a835b95dff5ff313cc1c3d8d2c0c0e25922f7c7646e70ca2ebcec9fd
scores-confirmatory,results/track_a/20260917-110225_S_train11-14/scores_val.npz,102561286,69d9c5b9d3a6cdc96a0ff38359d17ad2861ad567ce6a340764ebeb0c17a40c97
scores-confirmatory,results/track_a/20260917-121305_S_train24-27/scores_val.npz,95860946,2d61a24f7d5b06fc2a8caa24702312f96f8c20da61e74accfee7fb98e064c1ba
scores-confirmatory,results/track_a/20260918-121700_S_train11-14/scores_val.npz,67523992,c194901711dc1442b94475f1b7907e8219838126e5940a2fc5d05c9b924f735c
scores-confirmatory,results/track_a/20260918-124618_S_train24-27/scores_val.npz,63112382,e5df89696fa87d618c3dc80050761a9c49e49019406c8382999705feb3b45722
scores-confirmatory,results/track_a/20260918-132337_S_train37-40/scores_val.npz,121128682,cb33e35a9d503b0c1de6c10ab567b483fe0cd1e7edc6875eecdfedca7fdf8173
scores-confirmatory,results/track_a/20260919-113607_S_train11-14/scores_test_w16-19.npz,95242850,3dec54a707e49a3a51dfd08e554e1a08444c66d8a4aea297753865c66079dff3
scores-confirmatory,results/track_a/20260919-113607_S_train11-14/scores_test_w20-23.npz,95242850,48ff125d78fe1ce9d3581d9bf619d666def33bcc6255d5ca952a702aa6329316
scores-confirmatory,results/track_a/20260919-113607_S_train11-14/scores_test_w24-27.npz,95242850,f15c646a179914479e376690aaa54bb15054f6657f168baa77fe3bc8d754a7e8
scores-confirmatory,results/track_a/20260919-113607_S_train11-14/scores_test_w28-31.npz,95242850,0a5e28ca0820da6fbc18723bb9e310ff0cb9efdbebec00c03f07c499126d7bca
scores-confirmatory,results/track_a/20260919-113607_S_train11-14/scores_test_w32-35.npz,95242850,7ef9b8a7a23a20f84b297b4ab7e3d6a5afa5790fbbd638fc568059e23c9e0a4c
scores-confirmatory,results/track_a/20260919-113607_S_train11-14/scores_test_w36-39.npz,95242850,59639c09db878d2208e23d597d8c336353f8710ac910ec0b90073c8b08a8c062
scores-confirmatory,results/track_a/20260919-113607_S_train11-14/scores_test_w40-43.npz,95242850,b48a691aa3bf5f7714a6ebcc85413d84097db0832666440fedd8b19e9dc590b0
scores-confirmatory,results/track_a/20260919-113607_S_train11-14/scores_test_w44-47.npz,95242850,ae88ca692f8f50feb3ff6e282a266fb85e6c0fb916223a81a4f15feae8c15fba
scores-confirmatory,results/track_a/20260919-113607_S_train11-14/scores_test_w48-51.npz,95242850,a8cb43946ba2cb656039e733afadbbe88d0afb151e8ce73a7f18314e09e9609e
scores-confirmatory,results/track_a/20260919-113607_S_train11-14/scores_val.npz,120841654,05c759bf2532664e00d66b2bc4a9516ed77c2753e2c9e93954f793b10c0bb7fa
scores-confirmatory,results/track_a/20260919-131820_S_train24-27/scores_test_w29-32.npz,95242850,279dd62176fa213451e1dd0624c559d394c8fa84aacf2e3cfba4b6c920377dc0
scores-confirmatory,results/track_a/20260919-131820_S_train24-27/scores_test_w33-36.npz,95242850,60b066d215de9ad913a2cade8f643afbea38deebd7988cf368f1ee2d0738b04e
scores-confirmatory,results/track_a/20260919-131820_S_train24-27/scores_test_w37-40.npz,95242850,65a6caaa3950e4da55956fe2a5a6336cc87136afb053f6ddc724c7880ecd924c
scores-confirmatory,results/track_a/20260919-131820_S_train24-27/scores_test_w41-44.npz,95242850,911a0b54377383b289c847d00747cfbc10594e2cdb4b50f464f7e5073de8349f
scores-confirmatory,results/track_a/20260919-131820_S_train24-27/scores_test_w45-48.npz,95242850,2011c7cf5c743ec320eab96a6708dc2695e0008a6e507762e41d694de8789cd8
scores-confirmatory,results/track_a/20260919-131820_S_train24-27/scores_test_w49-51.npz,95242850,8f2c8802d418d1076db8ae38ccd159089c407d2416f99a51309ec933fecce712
scores-confirmatory,results/track_a/20260919-131820_S_train24-27/scores_val.npz,112947194,cd454a2812b85fcfee2c084d42c6362237e354a1ff7cce23486596433bb3d5fa
scores-confirmatory,results/track_a/20260919-143354_S_train37-40/scores_test_w42-45.npz,95242850,ff3ba1939cb7f68ed95729b2d09f3fb39c44500a21848d38c0d7814d9a0095fb
scores-confirmatory,results/track_a/20260919-143354_S_train37-40/scores_test_w46-49.npz,95242850,6f2e521074fa7a04aefb1c281751f420760ecd75cc33d60e4081f39b1e217da1
scores-confirmatory,results/track_a/20260919-143354_S_train37-40/scores_test_w51-51.npz,68386454,a2899aed908024ddedf562a31fcdacd4e0c17ba819c5b33e9c1e0781a5adf1a2
scores-confirmatory,results/track_a/20260919-143354_S_train37-40/scores_val.npz,121128682,1e9b8d12cb0c9d483e03d1aaef192eb9e10a2fc73817cafbe9b0e7dd74d0d374
scores-exploratory,results/track_a_exploratory/20260922-130934_S_train11-14/scores_test_w16-19.npz,60422948,8b1b12126ad89e76f66c7d834153b230ab7f8b4a4203ef853cbb449449603849
scores-exploratory,results/track_a_exploratory/20260922-130934_S_train11-14/scores_test_w20-23.npz,60422948,9bfcab9942f7d4cf63d9ecb54e10bc86c2ead26b78761e0e00f258a60e44195b
scores-exploratory,results/track_a_exploratory/20260922-130934_S_train11-14/scores_test_w24-27.npz,60422948,1c53b117dd94a09d88e269e05abc435c0a92a4c0914838914f4bc07bada2f365
scores-exploratory,results/track_a_exploratory/20260922-130934_S_train11-14/scores_test_w28-31.npz,60422948,ff9c913da302a7e965d3d080d74f9f528b97758a18ab663a5cfa535844b2a823
scores-exploratory,results/track_a_exploratory/20260922-130934_S_train11-14/scores_test_w32-35.npz,60422948,229a0ebdd277d94fc0d4edc67552151eeb8fd7d332d9c39c4522878758ac3f59
scores-exploratory,results/track_a_exploratory/20260922-130934_S_train11-14/scores_test_w36-39.npz,60422948,f192d3d389ed57b36ab4995831ab0d6af3c728436480a9b0508cc5341d7c800d
scores-exploratory,results/track_a_exploratory/20260922-130934_S_train11-14/scores_test_w40-43.npz,60422948,07cccf261c9c645063fcc480a25a4e08e59abbccca54d24411f958e0b2e61dc3
scores-exploratory,results/track_a_exploratory/20260922-130934_S_train11-14/scores_test_w44-47.npz,60422948,b96fc12608e722fdd24d117f33ebd7aa58733987cb8c07cf99d1878597ee6337
scores-exploratory,results/track_a_exploratory/20260922-130934_S_train11-14/scores_test_w48-51.npz,60422948,e2ec6a9dd237ecb602cf8335f8b10704f09ff5f69c1e27ed9204eeea9b59b448
scores-exploratory,results/track_a_exploratory/20260922-130934_S_train11-14/scores_val.npz,76664206,7446100977490571d213c77ad7d33ac7db120f528cf4a5ca47127804926b5459
scores-exploratory,results/track_a_exploratory/20260922-135956_S_train24-27/scores_test_w29-32.npz,60422948,3436ce27f7dddb6b6498ba6401db9a0048eb58956af022fd4580c11a360785c2
scores-exploratory,results/track_a_exploratory/20260922-135956_S_train24-27/scores_test_w33-36.npz,60422948,73b651b5685d90e67240edcd97c65f75c0b4014bea0e989c07645b95ef65ba66
scores-exploratory,results/track_a_exploratory/20260922-135956_S_train24-27/scores_test_w37-40.npz,60422948,87e16927b50917cacd165e96e90861134f6f498bcac4e77abe544bf88ac29803
scores-exploratory,results/track_a_exploratory/20260922-135956_S_train24-27/scores_test_w41-44.npz,60422948,0ca4f94d5c1f73d4f26156580a03c2f7539ffbce4f3e893a0c566ff0ed85edd1
scores-exploratory,results/track_a_exploratory/20260922-135956_S_train24-27/scores_test_w45-48.npz,60422948,b62addb76567ad66ace14aa54d283f7548d89d790ac52b0f43055ae81895af27
scores-exploratory,results/track_a_exploratory/20260922-135956_S_train24-27/scores_test_w49-51.npz,60422948,62777f758ae1bc0a3d0ac8d615ae9243d8af770ea1ace90cb9c74e049508bdd0
scores-exploratory,results/track_a_exploratory/20260922-135956_S_train24-27/scores_val.npz,71655536,6dacb6a35bd87025d5378c468c75c8ac4cbce942a5b65ecc044f66f9041fe87e
scores-exploratory,results/track_a_exploratory/20260922-143731_S_train37-40/scores_test_w42-45.npz,60422948,ce9e822b53e0c83ce03fe68f6fab27274efe8670dc7f703fd1abe53db2342bdb
scores-exploratory,results/track_a_exploratory/20260922-143731_S_train37-40/scores_test_w46-49.npz,60422948,e3e02c105c13540df5be2dfa60888d5d52adb55822d9cc12a5153129a9331175
scores-exploratory,results/track_a_exploratory/20260922-143731_S_train37-40/scores_test_w51-51.npz,43383806,d8086480191dcb43f806f413d4910af7224fca82f1fa85ccc90640b58bce1e5e
scores-exploratory,results/track_a_exploratory/20260922-143731_S_train37-40/scores_val.npz,76846312,b3f0922b97abcd415f94b00297dbc50fe14718fe4e3d7107c294fd0db07b807a
scores-exploratory,results/track_a_exploratory/20260923-013705_S_train11-14/scores_test_w16-19.npz,59222576,1bff0256963b86d9b4648e0041fa7b0f2eeea39252d2ee24c7b2315fb7df64fa
scores-exploratory,results/track_a_exploratory/20260923-013705_S_train11-14/scores_test_w20-23.npz,59222576,b1327a64cb52063ef239c9b6c5baaa7703312b1a9f1bee409437f0fec3f2af46
scores-exploratory,results/track_a_exploratory/20260923-013705_S_train11-14/scores_test_w24-27.npz,59222576,d2295ea0bfdf4d682a068620689756f13eb3745e8618051e7a27251a02df8e02
scores-exploratory,results/track_a_exploratory/20260923-013705_S_train11-14/scores_test_w28-31.npz,59222576,c7b2a2ac47e5fd8e9b60609b00027f0ae2c8bfef77525c4d8d5cb521975a0c3e
scores-exploratory,results/track_a_exploratory/20260923-013705_S_train11-14/scores_test_w32-35.npz,59222576,0bd72c712a07cb922e98bd202f17e2ed4547f62f561c8263cc533e51444b6c43
scores-exploratory,results/track_a_exploratory/20260923-013705_S_train11-14/scores_test_w36-39.npz,59222576,6cf91a601c5eb69a06e354450ffe7da00c369ea0e1283f020a06225a102277ef
scores-exploratory,results/track_a_exploratory/20260923-013705_S_train11-14/scores_test_w40-43.npz,59222576,ef4617c4489581df76bdb2531096e63d2bf8ba04f1384b221e4b6a12479f3188
scores-exploratory,results/track_a_exploratory/20260923-013705_S_train11-14/scores_test_w44-47.npz,59222576,9f089a23dff6b47c70c88925a0ac660c125a64e3416e65311ab011b1b446c8cb
scores-exploratory,results/track_a_exploratory/20260923-013705_S_train11-14/scores_test_w48-51.npz,59222576,2c09d5dc80df2c90953d92756f933d911678497d8c00af83eeac4a31ccf3d2d1
scores-exploratory,results/track_a_exploratory/20260923-013705_S_train11-14/scores_val.npz,75141160,ae182e6d644372adad9ebfeb8a85c11762280e171366cc2e43f1fe79f6c22880
scores-exploratory,results/track_a_exploratory/20260923-021551_S_train11-14/scores_test_w16-19.npz,59222576,982db97824d9c9f5b9870505094ea8d61177cdcab266ac6c20c659b0e27e6f79
scores-exploratory,results/track_a_exploratory/20260923-021551_S_train11-14/scores_test_w20-23.npz,59222576,0ce5836162cb40fdbe62232ca3d892676ba16064829d97fbd3ca004f7ab082a5
scores-exploratory,results/track_a_exploratory/20260923-021551_S_train11-14/scores_test_w24-27.npz,59222576,1751e51c81e4e1318c7e21ac1064c9d575b78fd0b06fd1d87984bdca060a3e3b
scores-exploratory,results/track_a_exploratory/20260923-021551_S_train11-14/scores_test_w28-31.npz,59222576,9d54ced22ba7518ac816b78a2aa5e31d5630256d3109264cdca06e82eb7b09eb
scores-exploratory,results/track_a_exploratory/20260923-021551_S_train11-14/scores_test_w32-35.npz,59222576,97549e5ddd17c7b70e1a292404f254a34b4f7ab55b852c37784925c2fe12fe35
scores-exploratory,results/track_a_exploratory/20260923-021551_S_train11-14/scores_test_w36-39.npz,59222576,b88719910e834a6f8bdc30a0ba00d77f9694d5a6d7ebc2c8c7d8d7a827331f31
scores-exploratory,results/track_a_exploratory/20260923-021551_S_train11-14/scores_test_w40-43.npz,59222576,ab41bc5f8162eed4c09e8ba722088a16956507f35b9b98060ec277b8faf2d1bb
scores-exploratory,results/track_a_exploratory/20260923-021551_S_train11-14/scores_test_w44-47.npz,59222576,b8d969f326b26c782c5bea3fd349634a7ff944226e345b75fb892b7758b992fa
scores-exploratory,results/track_a_exploratory/20260923-021551_S_train11-14/scores_test_w48-51.npz,59222576,b962068725ba372a739ed3aa248810f9c391323a0eec86b0047cba9713cf04ff
scores-exploratory,results/track_a_exploratory/20260923-021551_S_train11-14/scores_val.npz,75141160,e1ee30901a8e5acb92dc6bca09f3ae6c57c9b1e1c0138f4e5de2142dc10fb5e4
scores-exploratory,results/track_a_exploratory/20260923-032036_S_train11-14/scores_test_w16-19.npz,48415918,eea9e22f0e1a996e6c7333f0f440d0967cca0ccd59ce576bf3dfd4d2811192c7
scores-exploratory,results/track_a_exploratory/20260923-032036_S_train11-14/scores_test_w20-23.npz,48415918,a00c5257e3bc13aef5ee23699ffbfdd2a6b6f609c805f96a8b44ba4024b5c20b
scores-exploratory,results/track_a_exploratory/20260923-032036_S_train11-14/scores_test_w24-27.npz,48415918,52fba49ab6bc09bba83db7122dc94eadcdd2e955957391bc7882314d3ac6ce82
scores-exploratory,results/track_a_exploratory/20260923-032036_S_train11-14/scores_test_w28-31.npz,48415918,11690e9627f18e8c1cbf6d0834c8ca352659ba2adf3920fb1acb63b9cc65d00c
scores-exploratory,results/track_a_exploratory/20260923-032036_S_train11-14/scores_test_w32-35.npz,48415918,9f30d73ba6be472a6a5631a277625b3453f8cecae263d026d7bafe7b341ff3ca
scores-exploratory,results/track_a_exploratory/20260923-032036_S_train11-14/scores_test_w36-39.npz,48415918,bc5afed4f5879297653c3a1d6c3229320c45e05fd779c2ec67b13980a7b4a7ff
scores-exploratory,results/track_a_exploratory/20260923-032036_S_train11-14/scores_test_w40-43.npz,48415918,e2517ec0b9332fcd1831492be03bf01c0d6bed53de82924811d64c9a1490db8f
scores-exploratory,results/track_a_exploratory/20260923-032036_S_train11-14/scores_test_w44-47.npz,48415918,040dd175cc2e2b25fb19fe91b946fcb61a1ae346301f4b525fe91cc2ef123198
scores-exploratory,results/track_a_exploratory/20260923-032036_S_train11-14/scores_test_w48-51.npz,48415918,0112e703fc6de230d5ae50a15dafd69986bdee7ef07f5067d3990c87bbcd145e
scores-exploratory,results/track_a_exploratory/20260923-032036_S_train11-14/scores_val.npz,61430436,d16dc865d840c019c86f03c26a0fd983232a211f8c1b3296c2f4274f09ea1bb5
scores-exploratory,results/track_a_exploratory/20260923-051258_S_train11-14/scores_test_w16-19.npz,46014608,f34cf4b758808f10decd25aa3c59bdcd7a2aba31304798bac1b4b45962c75969
scores-exploratory,results/track_a_exploratory/20260923-051258_S_train11-14/scores_test_w20-23.npz,46014608,84360f3be661efe257b1ef835b4735093c3c9dd3de19a3ab50688c69852b3c9b
scores-exploratory,results/track_a_exploratory/20260923-051258_S_train11-14/scores_test_w24-27.npz,46014608,2136d94227a6d001207e6c7fae2a209fc20808eec1b0a5880811e02f518ce794
scores-exploratory,results/track_a_exploratory/20260923-051258_S_train11-14/scores_test_w28-31.npz,46014608,063ab10c84cb82e53057b9090ae1260031abc1a32cdabfc8a65ab7a9ca964d0c
scores-exploratory,results/track_a_exploratory/20260923-051258_S_train11-14/scores_test_w32-35.npz,46014608,5f315e0e7e51eab04a74687cd1afa0d2d19a7788e1fe592ddb2b24bfc047e4f3
scores-exploratory,results/track_a_exploratory/20260923-051258_S_train11-14/scores_test_w36-39.npz,46014608,b5a3066d83527c897ce3dc536eb27a98578829ef6d91d7be6e330b37fda82219
scores-exploratory,results/track_a_exploratory/20260923-051258_S_train11-14/scores_test_w40-43.npz,46014608,a402c4c838fbe0c26dbc9774fff55aa65544caa0f2fa1643659a884c32e7d06b
scores-exploratory,results/track_a_exploratory/20260923-051258_S_train11-14/scores_test_w44-47.npz,46014608,897a8bc933221af811a568579e6c07533d4990fe5637d96c08e753aedf663003
scores-exploratory,results/track_a_exploratory/20260923-051258_S_train11-14/scores_test_w48-51.npz,46014608,be3f180d69a9849646da8955ebb19b2e1ad6a6c6156f1cc68dab50fc1f763303
scores-exploratory,results/track_a_exploratory/20260923-051258_S_train11-14/scores_val.npz,58383778,4e2490556a25cc3d26d400c04dd65dd723672039186a261c4801de7d3a1f610a
scores-featurespace,results/feature_scores/20260922-111224_S_train11-14/scores_test_w16-19.npz,66616322,2738441ec1d1a527337d8b4fe75ffdb0b4bad88b5577b3edcb40fb198c5b5ae9
scores-featurespace,results/feature_scores/20260922-111224_S_train11-14/scores_test_w20-23.npz,66616322,404b2225e66c186ed998b075f89acb79774128b5340ce17a76095e412b482859
scores-featurespace,results/feature_scores/20260922-111224_S_train11-14/scores_test_w24-27.npz,66616322,a6da17f033ae487d57da37cd56559d2f10765dccc70a5a1a2b974be4a5a6dc13
scores-featurespace,results/feature_scores/20260922-111224_S_train11-14/scores_test_w28-31.npz,66616322,868d094476545fb722de4546df8fe943950323b468b4aea7da3f10d566ae3095
scores-featurespace,results/feature_scores/20260922-111224_S_train11-14/scores_test_w32-35.npz,66616322,d63d86a9ecfe7982a3a03df41379f1d734b86fa43f49923e1775059b094ac013
scores-featurespace,results/feature_scores/20260922-111224_S_train11-14/scores_test_w36-39.npz,66616322,c5559b81b41341f6f83d3f58be7c405d086deb2d228c3f4c65f1b2c057b57ea3
scores-featurespace,results/feature_scores/20260922-111224_S_train11-14/scores_test_w40-43.npz,66616322,7836cf383c7fb3b3ede3c310ac18630203b3e2f4c9dfef6f1114666b572dd352
scores-featurespace,results/feature_scores/20260922-111224_S_train11-14/scores_test_w44-47.npz,66616322,4428527e092d247a93220be6739d373ce6e794ca8b6912eca5f473e157497012
scores-featurespace,results/feature_scores/20260922-111224_S_train11-14/scores_test_w48-51.npz,66616322,f05e722f8376e149c82c2bb8514802b44f76bf07ef96e871227099a5bcb5dfe6
scores-featurespace,results/feature_scores/20260922-111224_S_train11-14/scores_val.npz,84524729,b715c259f03dacb5c12fc05e5f8b401dd6aaa2de0324ceb52bfc85d07c0fa717
scores-featurespace,results/feature_scores/20260922-115815_S_train24-27/scores_test_w29-32.npz,66616322,ec279cc1c45cbd275c0e7a055bf92f36d52ad14faaade950e0f99f0fcc4e7018
scores-featurespace,results/feature_scores/20260922-115815_S_train24-27/scores_test_w33-36.npz,66616322,abe7c7d4bd837ddc4d09ee8c14325da33b2dce499bd759f9d21b2c8d0d4dc42d
scores-featurespace,results/feature_scores/20260922-115815_S_train24-27/scores_test_w37-40.npz,66616322,6a3eb69ed8646efe729416d58ceab2c5c8b62f10d29a565dfb41e0e9563db9b5
scores-featurespace,results/feature_scores/20260922-115815_S_train24-27/scores_test_w41-44.npz,66616322,408dfd476716193407c05eab28e2164446c4d2252d202c2f808e84f5bb80e2d3
scores-featurespace,results/feature_scores/20260922-115815_S_train24-27/scores_test_w45-48.npz,66616322,c57ba0b4b70230ed330280225b862f89fa187c0b82bfafe6eae72acb9bcb36af
scores-featurespace,results/feature_scores/20260922-115815_S_train24-27/scores_test_w49-51.npz,66616322,b9cd67037f5241fbb866cbf9f66bc2398177903b606a4a5e4c85cfc0c3c64cef
scores-featurespace,results/feature_scores/20260922-115815_S_train24-27/scores_val.npz,79001924,cc8aed38fd67746cf2b981bfdbdf85ddc29741c42634b244b885306d0b195b22
scores-featurespace,results/feature_scores/20260922-124938_S_train37-40/scores_test_w42-45.npz,66616322,a955c5f1b87a81258ece7408a77c2921384aa0c292fc473b0ff36f2c5803f6bf
scores-featurespace,results/feature_scores/20260922-124938_S_train37-40/scores_test_w46-49.npz,66616322,3b92e70c9afb3b4068a718038355897904165ded3922dd799bfac00601c1556a
scores-featurespace,results/feature_scores/20260922-124938_S_train37-40/scores_test_w51-51.npz,47828129,4121897805e804091f41c5548f16ee15d538a2c0acc595bb41be8e4593242445
scores-featurespace,results/feature_scores/20260922-124938_S_train37-40/scores_val.npz,84725528,d85aa71277e9c693927900a9df1db7410655707128d20d8b9b2c21c0846900f5
scores-featurespace,results/feature_scores/20260923-090027_S_train11-14/scores_test_w16-19.npz,36205976,d83377455349092acd1b4c37cb87d1374ab58429db526a175008af8683fc6e0c
scores-featurespace,results/feature_scores/20260923-090027_S_train11-14/scores_test_w20-23.npz,36205976,3518033c08384eb1307ace402358271fe0dba69420852416b8150d47563de2ca
scores-featurespace,results/feature_scores/20260923-090027_S_train11-14/scores_test_w24-27.npz,36205976,4b66c6a96c59bb683f8b96fd33dd6c93bb97c31b600f56da7eea9d0fa1783007
scores-featurespace,results/feature_scores/20260923-090027_S_train11-14/scores_test_w28-31.npz,36205976,62e097c68042048252c0a8e803557d328a4e97b4142d4dc5deb4a6bfb40ae6fe
scores-featurespace,results/feature_scores/20260923-090027_S_train11-14/scores_test_w32-35.npz,36205976,8deb8e42c26ba2a2f5910fdd1d536512838132c8076e13a316e712249b09c660
scores-featurespace,results/feature_scores/20260923-090027_S_train11-14/scores_test_w36-39.npz,36205976,598ec117ae3a4f6802a713ef87c0cd3aeb88e69042740f14643f59670b87406e
scores-featurespace,results/feature_scores/20260923-090027_S_train11-14/scores_test_w40-43.npz,36205976,40eca7e940068eeff194756d15583a01703f9d9c8966655f9bda184e10e7efd7
scores-featurespace,results/feature_scores/20260923-090027_S_train11-14/scores_test_w44-47.npz,36205976,a8d67020b64018d7dd1e6f652af086d222ac8f219bbd1bd2e98bda70be91b9d3
scores-featurespace,results/feature_scores/20260923-090027_S_train11-14/scores_test_w48-51.npz,36205976,d6169e4465ad1ec905dbfe556cc2b9971a01b798cc58da087033ea442cdd766c
scores-featurespace,results/feature_scores/20260923-090027_S_train11-14/scores_val.npz,45939975,7e4c0228010a22c39139768d2a25deadb73760f3cd1c0d69f4d76caff0f22b02
scores-featurespace,results/feature_scores/20260923-120601_S_train11-14/scores_test_w16-19.npz,26602628,1b4133495983a11601b826607c55c58609623a993b57ad011894f19bc495b8fa
scores-featurespace,results/feature_scores/20260923-120601_S_train11-14/scores_test_w20-23.npz,26602628,417e244cba3660a3f060dab70300791cf98c774fe975ca62e467e23ec1e70c20
scores-featurespace,results/feature_scores/20260923-120601_S_train11-14/scores_test_w24-27.npz,26602628,9b78aa58b858ebb235b5276a3099b4d16b54b58b3759382b5f7e9df956c45bae
scores-featurespace,results/feature_scores/20260923-120601_S_train11-14/scores_test_w28-31.npz,26602628,7f90a0234839b8a1a3f1ca8d267f2fba203a03eb1feaab30ed5d3deb2dc08196
scores-featurespace,results/feature_scores/20260923-120601_S_train11-14/scores_test_w32-35.npz,26602628,0b3004c76d3f2896d48415267309d60ebc374ebe3eba0fb2373bb5f694f50b40
scores-featurespace,results/feature_scores/20260923-120601_S_train11-14/scores_test_w36-39.npz,26602628,db47173aa86e7335b1dda1dcc8cecd11a037f98b0ca1ae19dfa37b515c8f6e00
scores-featurespace,results/feature_scores/20260923-120601_S_train11-14/scores_test_w40-43.npz,26602628,5b5b200967b80c2ece3a924649d5b174637f09bff807348c956b7bb7f37c076f
scores-featurespace,results/feature_scores/20260923-120601_S_train11-14/scores_test_w44-47.npz,26602628,d6473ab8f52ec5375e34122170fd28d620a056c34d860a8bd601c2f39dab6b3f
scores-featurespace,results/feature_scores/20260923-120601_S_train11-14/scores_test_w48-51.npz,26602628,4f9ff2f60044ba9af483cb245d5adefe80151b7d6bad367c13bc9f14c86bf949
scores-featurespace,results/feature_scores/20260923-120601_S_train11-14/scores_val.npz,33755235,d75471f97b9c5cbd648b42944b927b99a9bd9181be8efb073cf7e304cc735e9c
checkpoints,results/track_a/20260916-140053_S_train11-14/models/student_direct_s0.pt,418367,5ad118cc7db8dcb31d553a7ffbaa103d01502b23297a89c597bb581742601bfb
checkpoints,results/track_a/20260916-140053_S_train11-14/models/student_direct_s1.pt,418367,8eb0241c2b3214d298af404e6afd8870e9d173065b60d9b764b624224fc5290c
checkpoints,results/track_a/20260916-140053_S_train11-14/models/student_direct_s2.pt,418367,6883551d3b687459fef2a82c38c7b7b7b514a6d436f1fabf11fa790d73cf7dc2
checkpoints,results/track_a/20260916-140053_S_train11-14/models/student_enddA_s0.pt,418329,c1965a1026bd5f718c494bd13eeb29e228fe8e0d6097dedc6e4befc9a2250d59
checkpoints,results/track_a/20260916-140053_S_train11-14/models/student_enddA_s1.pt,418329,f3eac897f84315b699ff4f1bae79700b9c98a5f9a3cdd28fa104d8165fc6ba93
checkpoints,results/track_a/20260916-140053_S_train11-14/models/student_enddA_s2.pt,418329,a70f490c9b2b9aace2bdbe69a2af884c71c1fe1e1ad109547f5e2155ad6f9d99
checkpoints,results/track_a/20260916-140053_S_train11-14/models/student_kdA_s0.pt,418253,47b1c9ca9c5a430228baf4419854b7a663be05e78145feb7ff08ed767dcca68c
checkpoints,results/track_a/20260916-140053_S_train11-14/models/student_kdA_s1.pt,418253,6c9dc9a50d7335ad15ecdcb006b4800e4ac47db77599097d8ba967c0b6deffed
checkpoints,results/track_a/20260916-140053_S_train11-14/models/student_kdA_s2.pt,418253,0d04f80bcfca33445b91b9891d2f0fde033981d100ce85ed3a0d17e62a0ed7c0
checkpoints,results/track_a/20260916-140053_S_train11-14/models/student_kdB_s0.pt,418253,4043c2a2b5703bae25bad130a91599b0d68f8a73a1bb798ce83159d786be90e1
checkpoints,results/track_a/20260916-140053_S_train11-14/models/student_kdB_s1.pt,418253,8317e0fba9d55649d93e4e014fbe226e13e0019933f32f08f9c9367a2b4ff4e3
checkpoints,results/track_a/20260916-140053_S_train11-14/models/student_kdB_s2.pt,418253,9fbcdff5f2836e6e7dc5d8ccd2578cb992b5cafbd6e152313504e3c4e855169c
checkpoints,results/track_a/20260916-140053_S_train11-14/models/student_ls_s0.pt,418215,671359a76e07f8abd71881bc7a4da61b11bdeb74e3a7ead266f1b3c0a4ec8075
checkpoints,results/track_a/20260916-140053_S_train11-14/models/student_ls_s1.pt,418215,f9363c6280e41e8ef8839e0d840ce6cdb6eaf5610518daf2120585b78d30fd3c
checkpoints,results/track_a/20260916-140053_S_train11-14/models/student_ls_s2.pt,418215,aeb4ee8ac96a47c1697025434271a9eeb639e35c1d45b854fedea729010b6eac
checkpoints,results/track_a/20260916-140053_S_train11-14/models/teacherB_wide.pt,41376353,abf26c61c76faa7ffd9ce0c51be887ab89e106f3512901c336042fcd0ec7cda9
checkpoints,results/track_a/20260917-110225_S_train11-14/models/student_direct_s0.pt,418367,055039b5c52ae2b29801b31a06f62558e4d1ba3870090345dfe134ebe1574b63
checkpoints,results/track_a/20260917-110225_S_train11-14/models/student_direct_s1.pt,418367,6db1befb407fb4fe913d9203375b9602f74ce32d01d73b049af166d827db47d1
checkpoints,results/track_a/20260917-110225_S_train11-14/models/student_direct_s2.pt,418367,d335bade517b5d422a9ce086f26c8e84bf4d8a706dd742875b0f543e51b32cab
checkpoints,results/track_a/20260917-110225_S_train11-14/models/student_enddA_s0.pt,418329,e2919e38ff6fb604243b575369a024ebea262f0622f44188cebaa29afd5be25e
checkpoints,results/track_a/20260917-110225_S_train11-14/models/student_enddA_s1.pt,418329,6ab8ec8b41c0addef9951b6325cd265990c3d92f603df1da19f4c2f3d44994ca
checkpoints,results/track_a/20260917-110225_S_train11-14/models/student_enddA_s2.pt,418329,a221d3f3b82cd5ba0eaa9887594c4460aad32c5daecfe311a1d789831af129a6
checkpoints,results/track_a/20260917-110225_S_train11-14/models/student_kdA_s0.pt,418253,a406112d7a402ed455f8eb4caa7a99d18bc04e8e2186455f1b5623a538045bb3
checkpoints,results/track_a/20260917-110225_S_train11-14/models/student_kdA_s1.pt,418253,ceb175923817784aec19b02fd53c8b5ac0e83a8b88804ccf8d1f47db7a4a5e4b
checkpoints,results/track_a/20260917-110225_S_train11-14/models/student_kdA_s2.pt,418253,4a8cddcc0dc645bbb10b396cde1d88b75a5896d5c79964e0ae5837d7fca7c72a
checkpoints,results/track_a/20260917-110225_S_train11-14/models/student_kdB_s0.pt,418253,b1744d3f15d035235295565b746669d37c0b7bb1cd84d586440afc6e19268a5e
checkpoints,results/track_a/20260917-110225_S_train11-14/models/student_kdB_s1.pt,418253,eee90ba20cab781353d1822062efd619f9643a99673c9f58a207e565cc312c3a
checkpoints,results/track_a/20260917-110225_S_train11-14/models/student_kdB_s2.pt,418253,e462f63969090ad63f1071fbfb94c3113c49465b8f88eada3ff9ee577741a8ab
checkpoints,results/track_a/20260917-110225_S_train11-14/models/student_ls_s0.pt,418215,d003527ecec7cba47f5c5baa289c3de4cef199c372243e9296c14bb3aae8cfdc
checkpoints,results/track_a/20260917-110225_S_train11-14/models/student_ls_s1.pt,418215,b3384eac4fe79cda3d5d657e405d2f1fff1b112ffcc132a415cc02562a4ae95f
checkpoints,results/track_a/20260917-110225_S_train11-14/models/student_ls_s2.pt,418215,739f9e3621498c36f83ebfb505e57b456be249925fe2bb49b0dd9a662b0446d0
checkpoints,results/track_a/20260917-121305_S_train24-27/models/student_direct_s0.pt,418367,0fad61f11904d9c3a49522434daed40d1e0b7d1b00f8827b004c6b8dcae7d89e
checkpoints,results/track_a/20260917-121305_S_train24-27/models/student_direct_s1.pt,418367,56fbce25a4ab185456e7c4eb9b085297dc22748d424d240515e6f7945edffb55
checkpoints,results/track_a/20260917-121305_S_train24-27/models/student_direct_s2.pt,418367,8376a14b379205afe5585be1a2da9d0ed45890556bf2925b512c4cc53c400b1d
checkpoints,results/track_a/20260917-121305_S_train24-27/models/student_enddA_s0.pt,418329,32d86724f19c57af7a984c1e0b38e04732360171da700ba52684ba255b36da97
checkpoints,results/track_a/20260917-121305_S_train24-27/models/student_enddA_s1.pt,418329,e95cad0490fc0dd95190d7d9938a39b8b373e0ccc3826f59a4958e663cd93154
checkpoints,results/track_a/20260917-121305_S_train24-27/models/student_enddA_s2.pt,418329,2fb21471603bee5c6e6bae7e9e3a7eb1b1803ccd74c70bbb7806197e0227425d
checkpoints,results/track_a/20260917-121305_S_train24-27/models/student_kdA_s0.pt,418253,da9b26090603c987b5a7ad08a2d2950f93d9130fd4ab905980a357209a17c338
checkpoints,results/track_a/20260917-121305_S_train24-27/models/student_kdA_s1.pt,418253,d20a7834326e185ec07b41a993e8223887d139bb8de8dbce978bfe32d6bf6907
checkpoints,results/track_a/20260917-121305_S_train24-27/models/student_kdA_s2.pt,418253,357bb39d3a5e6cc38d262e709a860d75aa2dfb96e3337c416e48f1c35cfba9b5
checkpoints,results/track_a/20260917-121305_S_train24-27/models/student_kdB_s0.pt,418253,01e41059e1d51663dfb9ef36f62ac37cc710e76d29309078a1fcdc76bfc99ff6
checkpoints,results/track_a/20260917-121305_S_train24-27/models/student_kdB_s1.pt,418253,637cc6177c09c0563bc8519dcb05f814fe5f1d598112ba0f8eb95cb689d72e31
checkpoints,results/track_a/20260917-121305_S_train24-27/models/student_kdB_s2.pt,418253,e367ca46a4ce11611d9cb4c966282ce60cdfa40bee10dc761b3ec6d152d841bf
checkpoints,results/track_a/20260917-121305_S_train24-27/models/student_ls_s0.pt,418215,00994dbe7fe82fbc95edc47150b6e5d2c42539f4eabe714501083a7a482e7a3b
checkpoints,results/track_a/20260917-121305_S_train24-27/models/student_ls_s1.pt,418215,f28e88971748fcf006e28ba70cf78af20cdb6be4300c18e1d6921e2ca8e3ffe8
checkpoints,results/track_a/20260917-121305_S_train24-27/models/student_ls_s2.pt,418215,2fb3b421a8fce11fc1279caea1892eb50a23c95401c2f47a25a79b67298afead
checkpoints,results/track_a/20260917-121305_S_train24-27/models/teacherA_0.pt,9100853,8df9a04c8ccd6546ecef3417f464d86fb41c87d0afb8c5c7945d1219096c1ec1
checkpoints,results/track_a/20260917-121305_S_train24-27/models/teacherA_1.pt,9100853,1f3a84fcf6fce38d1ff02bef4a48ff8f4b3d0121abef8d7cd1e67ef2698a6c1e
checkpoints,results/track_a/20260917-121305_S_train24-27/models/teacherA_2.pt,9100853,ca391823dd03582abbbd5fde00fa02fdf8554630e2af698644d915ae605d0436
checkpoints,results/track_a/20260917-121305_S_train24-27/models/teacherA_3.pt,9100853,c18fd1a1b0df3838262cedb15e61b1c37aeff0367e396bda3c98639071cdfa91
checkpoints,results/track_a/20260917-121305_S_train24-27/models/teacherA_4.pt,9100853,23083804684383b23f532dba553e0d1cd6dcf46544836ca8fd8dc075b95bf750
checkpoints,results/track_a/20260917-121305_S_train24-27/models/teacherB_wide.pt,41376353,c416b11ef7140dd6193118e13f8f8408a35189b6634d9f2cce5156ea00cf7d19
checkpoints,results/track_a/20260918-121700_S_train11-14/models/student_kdA4_s0.pt,418291,77a73ab1222638bba27791f2d51346ef7bca5873f03a969be6f0a38db1cb5abd
checkpoints,results/track_a/20260918-121700_S_train11-14/models/student_kdA4_s1.pt,418291,62ba9bc753aa4abc73150d12d55e37282ac07db49bd6609b81d60f7cd38c0359
checkpoints,results/track_a/20260918-121700_S_train11-14/models/student_kdA4_s2.pt,418291,768f0f21ac4047a4ec92b6f946fdb3d6b0cc5b9784acfddb87ba92b149d1e3da
checkpoints,results/track_a/20260918-121700_S_train11-14/models/student_kdB4_s0.pt,418291,056a4c59f77f36f864da9182e64190d6b977db5a07d5e994dc7e981d2423395d
checkpoints,results/track_a/20260918-121700_S_train11-14/models/student_kdB4_s1.pt,418291,6e669921cc1c80e89bfc2eb91c2b00318f9185cf591d3136bcb206ef9f59c2d1
checkpoints,results/track_a/20260918-121700_S_train11-14/models/student_kdB4_s2.pt,418291,353d43dd9e2b06bd63d57590a2023d86d83710bf3e8837417752e481c131bd76
checkpoints,results/track_a/20260918-124618_S_train24-27/models/student_kdA4_s0.pt,418291,5c0efc5441c151334dae8c36aab250c7cd3864253f3732d8f26059dfa0c074ae
checkpoints,results/track_a/20260918-124618_S_train24-27/models/student_kdA4_s1.pt,418291,83d6413af29c0c6f4159d4cf0f2e886a3609b429b057884afc620f406c679c13
checkpoints,results/track_a/20260918-124618_S_train24-27/models/student_kdA4_s2.pt,418291,5082601da697e10065438ca9151e3d3ea0dbbdc3be2f8ec252a080ffcda9b5f6
checkpoints,results/track_a/20260918-124618_S_train24-27/models/student_kdB4_s0.pt,418291,d096618dd396d3358ba155e49064c0fed05cd270fd87639820228bb4e9d6ea39
checkpoints,results/track_a/20260918-124618_S_train24-27/models/student_kdB4_s1.pt,418291,aee2806f7d8b5d093c970f10a0b5bc5db2f5f4c863638817db260ff85ea7b3e6
checkpoints,results/track_a/20260918-124618_S_train24-27/models/student_kdB4_s2.pt,418291,58a0dced6f58a52e7d0ab6d6aac7cd6a22de50ccd78e577976c7b1acae043d02
checkpoints,results/track_a/20260918-132337_S_train37-40/models/student_direct_s0.pt,418367,97f33ddd2be1a070cc020d2b42c7bf9a8e20471ee1affd541ad61e690377e25b
checkpoints,results/track_a/20260918-132337_S_train37-40/models/student_direct_s1.pt,418367,17b4e5d453af245cf4462b8d73c636892b48d7caa4b5c589abbd2340fe56d72b
checkpoints,results/track_a/20260918-132337_S_train37-40/models/student_direct_s2.pt,418367,3a96d876cbe067457855bb3783af1be9f7196c3f5d154c55fe2ae84ad58c91a1
checkpoints,results/track_a/20260918-132337_S_train37-40/models/student_enddA_s0.pt,418329,a7efa739ff2457692e0791a8b53f107530c222fab6f1a181e5154d96181b9761
checkpoints,results/track_a/20260918-132337_S_train37-40/models/student_enddA_s1.pt,418329,1cbfa9a6565699a4e1d131bb811d0a1d788df4673c63baabd9d83d8df3fb1275
checkpoints,results/track_a/20260918-132337_S_train37-40/models/student_enddA_s2.pt,418329,425aa3e7e6cabb9997826efe41911805ff97c6ca345e480bcf31e36a8b2ff8f7
checkpoints,results/track_a/20260918-132337_S_train37-40/models/student_kdA4_s0.pt,418291,bcf84dbf2ccbd2c928ebdef8fc394dc0e3305535b02e5abeaca225dab5fe5334
checkpoints,results/track_a/20260918-132337_S_train37-40/models/student_kdA4_s1.pt,418291,51c9dcae0bd287deb5c1cae382efc189527abd1a1ce9775e1695ad0970b5bf6d
checkpoints,results/track_a/20260918-132337_S_train37-40/models/student_kdA4_s2.pt,418291,c7b65fadfc80c33aca0d2b1830c26b10a59c8bccd122f8166b2e3413bba726b2
checkpoints,results/track_a/20260918-132337_S_train37-40/models/student_kdA_s0.pt,418253,4be0fcadd7e3ea24c6922a202211b578f17a0bf025ebc6854a22f31db6e55743
checkpoints,results/track_a/20260918-132337_S_train37-40/models/student_kdA_s1.pt,418253,8842e811288a33203ef307a566df631c79ab7ca1478e083ea340331d2ff606ad
checkpoints,results/track_a/20260918-132337_S_train37-40/models/student_kdA_s2.pt,418253,7e94e2da011d047b9b77937220d4f435448121868c196a27a64a2b8a07841bb6
checkpoints,results/track_a/20260918-132337_S_train37-40/models/student_kdB4_s0.pt,418291,da614e071f730ba9ad695970139661995db1802c6055f8f7d7ef2cb57806b527
checkpoints,results/track_a/20260918-132337_S_train37-40/models/student_kdB4_s1.pt,418291,2ea7f6bcda291b34e4c523c3ef74d04008043cdefd84554b1b7b3a0bfe3b4a0f
checkpoints,results/track_a/20260918-132337_S_train37-40/models/student_kdB4_s2.pt,418291,ffd1c3a9ce6e48faedc2c37b38ed1eea21b15a8ab14de68b7c0ca16062cb90d6
checkpoints,results/track_a/20260918-132337_S_train37-40/models/student_kdB_s0.pt,418253,6695a722a63642983e627a46fa28932dbae20eea9ff2e5f4e4bd3dd19bac0170
checkpoints,results/track_a/20260918-132337_S_train37-40/models/student_kdB_s1.pt,418253,31ff0aee35aaddcc210a6fe29e744718938d313fdfce0811ed47fee4295caeff
checkpoints,results/track_a/20260918-132337_S_train37-40/models/student_kdB_s2.pt,418253,b9d36e82ae1e291f61fc2445bf434257f6da95cb82fa5bebbc82ed6f4d21de53
checkpoints,results/track_a/20260918-132337_S_train37-40/models/student_ls_s0.pt,418215,72119e0f38271ad15c450c86e533605b5b4af33b88a20c13205217b14305f0c5
checkpoints,results/track_a/20260918-132337_S_train37-40/models/student_ls_s1.pt,418215,374d86ea5e1fb54ec1896be8dbce6d43177d9bf909287fce908df3e7e9fda4cc
checkpoints,results/track_a/20260918-132337_S_train37-40/models/student_ls_s2.pt,418215,4eea6e1431adc92422e1eabc65068dae088f929e617a74aae3e70eba6d8158ff
checkpoints,results/track_a/20260918-132337_S_train37-40/models/teacherA_0.pt,9100853,2cdba2f2117371ccb6b957d10336e3955a41f8c205aa60db6214fe1329c0641a
checkpoints,results/track_a/20260918-132337_S_train37-40/models/teacherA_1.pt,9100853,9435c73e89e641cc7e8881c8a6b55258b1049cb149cdf08f7e444327ec59d8dd
checkpoints,results/track_a/20260918-132337_S_train37-40/models/teacherA_2.pt,9100853,206f618b351c204705e893503b99adcac3750813b428990bf5ef85f1c2952e57
checkpoints,results/track_a/20260918-132337_S_train37-40/models/teacherA_3.pt,9100853,d94fab58ed26fa681e6add497a09abca23980dcf7752ca9aa8ab17e48ffe7176
checkpoints,results/track_a/20260918-132337_S_train37-40/models/teacherA_4.pt,9100853,14d01e9ac6e2a6441b936ce7193ffaa8797b07f0a2c12ceb8122b335d735c61a
checkpoints,results/track_a/20260918-132337_S_train37-40/models/teacherB_wide.pt,41376353,28759888a14a94308393920a050ef78b5794475d6755d7431e34c133ea20b911
checkpoints,results/track_a/20260919-113607_S_train11-14/models/student_direct_s0.pt,418367,c010ae6afd2b210ea505e699957209559c543798e7ec1b4f6b6b6d6e5925fd58
checkpoints,results/track_a/20260919-113607_S_train11-14/models/student_direct_s1.pt,418367,6db1befb407fb4fe913d9203375b9602f74ce32d01d73b049af166d827db47d1
checkpoints,results/track_a/20260919-113607_S_train11-14/models/student_direct_s2.pt,418367,d335bade517b5d422a9ce086f26c8e84bf4d8a706dd742875b0f543e51b32cab
checkpoints,results/track_a/20260919-113607_S_train11-14/models/student_enddA_s0.pt,418329,e2919e38ff6fb604243b575369a024ebea262f0622f44188cebaa29afd5be25e
checkpoints,results/track_a/20260919-113607_S_train11-14/models/student_enddA_s1.pt,418329,6ab8ec8b41c0addef9951b6325cd265990c3d92f603df1da19f4c2f3d44994ca
checkpoints,results/track_a/20260919-113607_S_train11-14/models/student_enddA_s2.pt,418329,a221d3f3b82cd5ba0eaa9887594c4460aad32c5daecfe311a1d789831af129a6
checkpoints,results/track_a/20260919-113607_S_train11-14/models/student_kdA4_s0.pt,418291,49eb0c70eca75609313c5ff7e0a33d9e87a77a81f6189fcf424ad91bbcedbd7c
checkpoints,results/track_a/20260919-113607_S_train11-14/models/student_kdA4_s1.pt,418291,a25d1019a80c8aa075311e27e08336b252d78233aa46f3dbc61c66492163a5bc
checkpoints,results/track_a/20260919-113607_S_train11-14/models/student_kdA4_s2.pt,418291,89fd7b882ce6edd45b21590b938e5dde9af6897312c56b7916793e4f3e708519
checkpoints,results/track_a/20260919-113607_S_train11-14/models/student_kdA_s0.pt,418253,a406112d7a402ed455f8eb4caa7a99d18bc04e8e2186455f1b5623a538045bb3
checkpoints,results/track_a/20260919-113607_S_train11-14/models/student_kdA_s1.pt,418253,ceb175923817784aec19b02fd53c8b5ac0e83a8b88804ccf8d1f47db7a4a5e4b
checkpoints,results/track_a/20260919-113607_S_train11-14/models/student_kdA_s2.pt,418253,4a8cddcc0dc645bbb10b396cde1d88b75a5896d5c79964e0ae5837d7fca7c72a
checkpoints,results/track_a/20260919-113607_S_train11-14/models/student_kdB4_s0.pt,418291,056a4c59f77f36f864da9182e64190d6b977db5a07d5e994dc7e981d2423395d
checkpoints,results/track_a/20260919-113607_S_train11-14/models/student_kdB4_s1.pt,418291,6e669921cc1c80e89bfc2eb91c2b00318f9185cf591d3136bcb206ef9f59c2d1
checkpoints,results/track_a/20260919-113607_S_train11-14/models/student_kdB4_s2.pt,418291,353d43dd9e2b06bd63d57590a2023d86d83710bf3e8837417752e481c131bd76
checkpoints,results/track_a/20260919-113607_S_train11-14/models/student_kdB_s0.pt,418253,b1744d3f15d035235295565b746669d37c0b7bb1cd84d586440afc6e19268a5e
checkpoints,results/track_a/20260919-113607_S_train11-14/models/student_kdB_s1.pt,418253,eee90ba20cab781353d1822062efd619f9643a99673c9f58a207e565cc312c3a
checkpoints,results/track_a/20260919-113607_S_train11-14/models/student_kdB_s2.pt,418253,e462f63969090ad63f1071fbfb94c3113c49465b8f88eada3ff9ee577741a8ab
checkpoints,results/track_a/20260919-113607_S_train11-14/models/student_ls_s0.pt,418215,d003527ecec7cba47f5c5baa289c3de4cef199c372243e9296c14bb3aae8cfdc
checkpoints,results/track_a/20260919-113607_S_train11-14/models/student_ls_s1.pt,418215,b3384eac4fe79cda3d5d657e405d2f1fff1b112ffcc132a415cc02562a4ae95f
checkpoints,results/track_a/20260919-113607_S_train11-14/models/student_ls_s2.pt,418215,739f9e3621498c36f83ebfb505e57b456be249925fe2bb49b0dd9a662b0446d0
checkpoints,results/track_a/20260919-131820_S_train24-27/models/student_direct_s0.pt,418367,d6d7e7040e68260c51a7a919de9151a2b47a648726c78134eccfc34f48d2e473
checkpoints,results/track_a/20260919-131820_S_train24-27/models/student_direct_s1.pt,418367,56fbce25a4ab185456e7c4eb9b085297dc22748d424d240515e6f7945edffb55
checkpoints,results/track_a/20260919-131820_S_train24-27/models/student_direct_s2.pt,418367,8376a14b379205afe5585be1a2da9d0ed45890556bf2925b512c4cc53c400b1d
checkpoints,results/track_a/20260919-131820_S_train24-27/models/student_enddA_s0.pt,418329,32d86724f19c57af7a984c1e0b38e04732360171da700ba52684ba255b36da97
checkpoints,results/track_a/20260919-131820_S_train24-27/models/student_enddA_s1.pt,418329,e95cad0490fc0dd95190d7d9938a39b8b373e0ccc3826f59a4958e663cd93154
checkpoints,results/track_a/20260919-131820_S_train24-27/models/student_enddA_s2.pt,418329,2fb21471603bee5c6e6bae7e9e3a7eb1b1803ccd74c70bbb7806197e0227425d
checkpoints,results/track_a/20260919-131820_S_train24-27/models/student_kdA4_s0.pt,418291,45b35331f1e7dfd840167f95f99a010c76ab2616b1f2bc96e9275d5f224351b1
checkpoints,results/track_a/20260919-131820_S_train24-27/models/student_kdA4_s1.pt,418291,270bc592db9df9eeebcc73b48594e076c11834edf0e7184f0bf297a51de043b6
checkpoints,results/track_a/20260919-131820_S_train24-27/models/student_kdA4_s2.pt,418291,0803351bc3cdfe3b3c1d8ec03303ffde5c06e0ffd1e2373de57a71a0a734589d
checkpoints,results/track_a/20260919-131820_S_train24-27/models/student_kdA_s0.pt,418253,da9b26090603c987b5a7ad08a2d2950f93d9130fd4ab905980a357209a17c338
checkpoints,results/track_a/20260919-131820_S_train24-27/models/student_kdA_s1.pt,418253,d20a7834326e185ec07b41a993e8223887d139bb8de8dbce978bfe32d6bf6907
checkpoints,results/track_a/20260919-131820_S_train24-27/models/student_kdA_s2.pt,418253,357bb39d3a5e6cc38d262e709a860d75aa2dfb96e3337c416e48f1c35cfba9b5
checkpoints,results/track_a/20260919-131820_S_train24-27/models/student_kdB4_s0.pt,418291,d096618dd396d3358ba155e49064c0fed05cd270fd87639820228bb4e9d6ea39
checkpoints,results/track_a/20260919-131820_S_train24-27/models/student_kdB4_s1.pt,418291,aee2806f7d8b5d093c970f10a0b5bc5db2f5f4c863638817db260ff85ea7b3e6
checkpoints,results/track_a/20260919-131820_S_train24-27/models/student_kdB4_s2.pt,418291,58a0dced6f58a52e7d0ab6d6aac7cd6a22de50ccd78e577976c7b1acae043d02
checkpoints,results/track_a/20260919-131820_S_train24-27/models/student_kdB_s0.pt,418253,01e41059e1d51663dfb9ef36f62ac37cc710e76d29309078a1fcdc76bfc99ff6
checkpoints,results/track_a/20260919-131820_S_train24-27/models/student_kdB_s1.pt,418253,637cc6177c09c0563bc8519dcb05f814fe5f1d598112ba0f8eb95cb689d72e31
checkpoints,results/track_a/20260919-131820_S_train24-27/models/student_kdB_s2.pt,418253,e367ca46a4ce11611d9cb4c966282ce60cdfa40bee10dc761b3ec6d152d841bf
checkpoints,results/track_a/20260919-131820_S_train24-27/models/student_ls_s0.pt,418215,00994dbe7fe82fbc95edc47150b6e5d2c42539f4eabe714501083a7a482e7a3b
checkpoints,results/track_a/20260919-131820_S_train24-27/models/student_ls_s1.pt,418215,f28e88971748fcf006e28ba70cf78af20cdb6be4300c18e1d6921e2ca8e3ffe8
checkpoints,results/track_a/20260919-131820_S_train24-27/models/student_ls_s2.pt,418215,2fb3b421a8fce11fc1279caea1892eb50a23c95401c2f47a25a79b67298afead
checkpoints,results/track_a/20260919-143354_S_train37-40/models/student_direct_s0.pt,418367,adac4b8a924ed1b371eeec14b6de2b707e435131952e51d4a0cff8dc58a0aee3
checkpoints,results/track_a/20260919-143354_S_train37-40/models/student_direct_s1.pt,418367,17b4e5d453af245cf4462b8d73c636892b48d7caa4b5c589abbd2340fe56d72b
checkpoints,results/track_a/20260919-143354_S_train37-40/models/student_direct_s2.pt,418367,3a96d876cbe067457855bb3783af1be9f7196c3f5d154c55fe2ae84ad58c91a1
checkpoints,results/track_a/20260919-143354_S_train37-40/models/student_enddA_s0.pt,418329,a7efa739ff2457692e0791a8b53f107530c222fab6f1a181e5154d96181b9761
checkpoints,results/track_a/20260919-143354_S_train37-40/models/student_enddA_s1.pt,418329,1cbfa9a6565699a4e1d131bb811d0a1d788df4673c63baabd9d83d8df3fb1275
checkpoints,results/track_a/20260919-143354_S_train37-40/models/student_enddA_s2.pt,418329,425aa3e7e6cabb9997826efe41911805ff97c6ca345e480bcf31e36a8b2ff8f7
checkpoints,results/track_a/20260919-143354_S_train37-40/models/student_kdA4_s0.pt,418291,bcf84dbf2ccbd2c928ebdef8fc394dc0e3305535b02e5abeaca225dab5fe5334
checkpoints,results/track_a/20260919-143354_S_train37-40/models/student_kdA4_s1.pt,418291,51c9dcae0bd287deb5c1cae382efc189527abd1a1ce9775e1695ad0970b5bf6d
checkpoints,results/track_a/20260919-143354_S_train37-40/models/student_kdA4_s2.pt,418291,c7b65fadfc80c33aca0d2b1830c26b10a59c8bccd122f8166b2e3413bba726b2
checkpoints,results/track_a/20260919-143354_S_train37-40/models/student_kdA_s0.pt,418253,4be0fcadd7e3ea24c6922a202211b578f17a0bf025ebc6854a22f31db6e55743
checkpoints,results/track_a/20260919-143354_S_train37-40/models/student_kdA_s1.pt,418253,8842e811288a33203ef307a566df631c79ab7ca1478e083ea340331d2ff606ad
checkpoints,results/track_a/20260919-143354_S_train37-40/models/student_kdA_s2.pt,418253,7e94e2da011d047b9b77937220d4f435448121868c196a27a64a2b8a07841bb6
checkpoints,results/track_a/20260919-143354_S_train37-40/models/student_kdB4_s0.pt,418291,da614e071f730ba9ad695970139661995db1802c6055f8f7d7ef2cb57806b527
checkpoints,results/track_a/20260919-143354_S_train37-40/models/student_kdB4_s1.pt,418291,2ea7f6bcda291b34e4c523c3ef74d04008043cdefd84554b1b7b3a0bfe3b4a0f
checkpoints,results/track_a/20260919-143354_S_train37-40/models/student_kdB4_s2.pt,418291,ffd1c3a9ce6e48faedc2c37b38ed1eea21b15a8ab14de68b7c0ca16062cb90d6
checkpoints,results/track_a/20260919-143354_S_train37-40/models/student_kdB_s0.pt,418253,6695a722a63642983e627a46fa28932dbae20eea9ff2e5f4e4bd3dd19bac0170
checkpoints,results/track_a/20260919-143354_S_train37-40/models/student_kdB_s1.pt,418253,31ff0aee35aaddcc210a6fe29e744718938d313fdfce0811ed47fee4295caeff
checkpoints,results/track_a/20260919-143354_S_train37-40/models/student_kdB_s2.pt,418253,b9d36e82ae1e291f61fc2445bf434257f6da95cb82fa5bebbc82ed6f4d21de53
checkpoints,results/track_a/20260919-143354_S_train37-40/models/student_ls_s0.pt,418215,72119e0f38271ad15c450c86e533605b5b4af33b88a20c13205217b14305f0c5
checkpoints,results/track_a/20260919-143354_S_train37-40/models/student_ls_s1.pt,418215,374d86ea5e1fb54ec1896be8dbce6d43177d9bf909287fce908df3e7e9fda4cc
checkpoints,results/track_a/20260919-143354_S_train37-40/models/student_ls_s2.pt,418215,4eea6e1431adc92422e1eabc65068dae088f929e617a74aae3e70eba6d8158ff
checkpoints,results/track_a_exploratory/20260922-130934_S_train11-14/models/student_hardA_s0.pt,418329,561e95405787b6053099de515e976606c662283dd380d6dfec6fb4b77649f8e8
checkpoints,results/track_a_exploratory/20260922-130934_S_train11-14/models/student_hardA_s1.pt,418329,749b1a5c624992649f143ea09f9da5613e25a8ecfccf8ea2ef96fb7e9555ff25
checkpoints,results/track_a_exploratory/20260922-130934_S_train11-14/models/student_hardA_s2.pt,418329,b283f8d7ae257cdaa6b113e112be367a91d897f61a5b5b2b0b2f3cf661b78783
checkpoints,results/track_a_exploratory/20260922-130934_S_train11-14/models/student_kdM0_s0.pt,418291,333e4eaaafe781160fb60955153bae772216ab4c58962b60a49e45c4f8580c7b
checkpoints,results/track_a_exploratory/20260922-130934_S_train11-14/models/student_kdM0_s1.pt,418291,605a624e698bfcd0823b70baa007a271ec4db84fb90d5d81fed21b23725c185b
checkpoints,results/track_a_exploratory/20260922-130934_S_train11-14/models/student_kdM0_s2.pt,418291,59caacdc99c4ab0213642bdc70ff710aefb5e5cfe143488eefb7f5aeed4f787b
checkpoints,results/track_a_exploratory/20260922-130934_S_train11-14/models/student_kdM1_s0.pt,418291,641f1dc38f40199d14d88ee46cd20dd63ee6ea0030cd1dd4e4ca203a3b4c6009
checkpoints,results/track_a_exploratory/20260922-130934_S_train11-14/models/student_kdM1_s1.pt,418291,32f5447567ff4d0704333648ce7b75bfbc4a28561cf0a2050ed52568d81b6f0f
checkpoints,results/track_a_exploratory/20260922-130934_S_train11-14/models/student_kdM1_s2.pt,418291,d6415658ac1cb84d3d1c6a50cf8937c3ec7dcab180eabb5cedb502aa1f2ee42b
checkpoints,results/track_a_exploratory/20260922-135956_S_train24-27/models/student_hardA_s0.pt,418329,282d65d0a1130290bb27f2b6f9a699aeba430ee26fe5740b40714614fbe9cf2c
checkpoints,results/track_a_exploratory/20260922-135956_S_train24-27/models/student_hardA_s1.pt,418329,0f3013e1c5de06e93c7c50297af9c687a6cefe7fefec1291cdb34d3ce1b8de1f
checkpoints,results/track_a_exploratory/20260922-135956_S_train24-27/models/student_hardA_s2.pt,418329,f115c93c927a70b6118997c24df67bbf62fa1f1a8dc78add914e8aa253e66648
checkpoints,results/track_a_exploratory/20260922-135956_S_train24-27/models/student_kdM0_s0.pt,418291,b034cd66fc85a8b34fffb2215591fe18b7c948ea000d04647655f0149e7904cc
checkpoints,results/track_a_exploratory/20260922-135956_S_train24-27/models/student_kdM0_s1.pt,418291,b3236570b8d22fa764244502648eae5b4a974faf1db98452929c1881e78f902f
checkpoints,results/track_a_exploratory/20260922-135956_S_train24-27/models/student_kdM0_s2.pt,418291,a0d7d610a64a6805e3b9d7dcf48fd30ffc73eee689f50743c0ed486627572dc8
checkpoints,results/track_a_exploratory/20260922-135956_S_train24-27/models/student_kdM1_s0.pt,418291,e7274bfdfe24b3ee2ef9aa91bf3c0c9f5b49bd7ce0ffaac07ab491e798719968
checkpoints,results/track_a_exploratory/20260922-135956_S_train24-27/models/student_kdM1_s1.pt,418291,801bff53df687b4777a7844721cb2320b4e120d63cdf18ded7cde31ffc514344
checkpoints,results/track_a_exploratory/20260922-135956_S_train24-27/models/student_kdM1_s2.pt,418291,61de28b5df255e21c868c261ff3aa9eb0110f7a47425d6dd0e27934e1bd5fd23
checkpoints,results/track_a_exploratory/20260922-143731_S_train37-40/models/student_hardA_s0.pt,418329,c6580842eaefbede7bf3223e09a696f44ae4e1c7a70950fed86f958bdefa13ce
checkpoints,results/track_a_exploratory/20260922-143731_S_train37-40/models/student_hardA_s1.pt,418329,8fd4497ce4ae82a4b5c5cf77d0fb58ea5d389d23858bfbdad96324798aced2e3
checkpoints,results/track_a_exploratory/20260922-143731_S_train37-40/models/student_hardA_s2.pt,418329,9220d6bb2bf23b95cbd59e011188e3384ff93bba7e64e44e3a72b7a24ab0695f
checkpoints,results/track_a_exploratory/20260922-143731_S_train37-40/models/student_kdM0_s0.pt,418291,1cb7ae77c1096be1b6b3a78f8aca81877b4c63d1ab324f83834e9a8d89fbe2ca
checkpoints,results/track_a_exploratory/20260922-143731_S_train37-40/models/student_kdM0_s1.pt,418291,d6a2380e55dfab4ad1db74691cc9f98dbff0f5fa171467ba94e42d1d2bd3fc7a
checkpoints,results/track_a_exploratory/20260922-143731_S_train37-40/models/student_kdM0_s2.pt,418291,0a3335b69b4661c292458f678ef0168d9577972fac4a71b21a357324efe4c3e0
checkpoints,results/track_a_exploratory/20260922-143731_S_train37-40/models/student_kdM1_s0.pt,418291,74b2f2eb458c280b7becfe91b7333612742456275557bf106afb8e59538054a8
checkpoints,results/track_a_exploratory/20260922-143731_S_train37-40/models/student_kdM1_s1.pt,418291,58d6e86636fdc1a4b5fa9a85d7834db0aabc74ee3f2c58d953e0f19a2eebb275
checkpoints,results/track_a_exploratory/20260922-143731_S_train37-40/models/student_kdM1_s2.pt,418291,d979dc8e01087eddcb3b61fe761fb551ec348ff389070e1a6f18b4bc1d06c033
checkpoints,results/track_a_exploratory/20260923-013705_S_train11-14/models/student_direct_w16_s0.pt,167639,b6f53ea98fe65376f077060e50bf745440a8fe3611bd95cc469745a3be401edb
checkpoints,results/track_a_exploratory/20260923-013705_S_train11-14/models/student_direct_w16_s1.pt,167639,110c620d9428921ad6e60b53d3e4aa7619294ca153d6eed8da1151c8d831b706
checkpoints,results/track_a_exploratory/20260923-013705_S_train11-14/models/student_direct_w16_s2.pt,167639,d2e372b63282ca3697a96b586087ab639a741a6928434c1b0b5cffed8e17af37
checkpoints,results/track_a_exploratory/20260923-013705_S_train11-14/models/student_kdA4_w16_s0.pt,167563,2b22099910ac44a807c30ed36c767dfdb17a7df03d181a9078f1ef59ba7c7854
checkpoints,results/track_a_exploratory/20260923-013705_S_train11-14/models/student_kdA4_w16_s1.pt,167563,997ceb47343c3a49b453b309dce8b639af1d2d0695708958e3e1c444792c2f23
checkpoints,results/track_a_exploratory/20260923-013705_S_train11-14/models/student_kdA4_w16_s2.pt,167563,25d4e01f475271d308927e39bb3feb622d2c947dbf43f9643ada77abad17adf6
checkpoints,results/track_a_exploratory/20260923-021551_S_train11-14/models/student_direct_w96_s0.pt,1132759,0a022d961a6512e08aa98c045ceaa5e511652be98928cb687545ea0aba084a7f
checkpoints,results/track_a_exploratory/20260923-021551_S_train11-14/models/student_direct_w96_s1.pt,1132759,517881624e209172244c426f800ed70c146dbbb81af26d83ff56d6030d1420c2
checkpoints,results/track_a_exploratory/20260923-021551_S_train11-14/models/student_direct_w96_s2.pt,1132759,d3ebdc7f9d5407dd4fb1f02c39317fcd0f7dd89996ec51b6448e1719b0b21523
checkpoints,results/track_a_exploratory/20260923-021551_S_train11-14/models/student_kdA4_w96_s0.pt,1132683,e6f4298b5dd6bfc88a5d3767f01458cfe7e568d8f3a03a2e064f9bbbf6575f69
checkpoints,results/track_a_exploratory/20260923-021551_S_train11-14/models/student_kdA4_w96_s1.pt,1132683,5a41a61fa6bc154c5c3996f953f7d86c7ef3a362820ff3f76ff77222befadf5b
checkpoints,results/track_a_exploratory/20260923-021551_S_train11-14/models/student_kdA4_w96_s2.pt,1132683,acb8f1d7fc01b0e40ee4f232a7da450034089e06700c565e797f3e65bb411bef
checkpoints,results/track_a_exploratory/20260923-032036_S_train11-14/models/student_kdC_s0.pt,418253,e9953ee81ff6c254b0e0886756d09a991f057306028e5e67ac693a34776cf674
checkpoints,results/track_a_exploratory/20260923-032036_S_train11-14/models/student_kdC_s1.pt,418253,c8528e2892470bcb007b7bae6d8e903b25ecc1eaea3ce6212be2d013963651b0
checkpoints,results/track_a_exploratory/20260923-032036_S_train11-14/models/student_kdC_s2.pt,418253,3d547f00a5b75b432e2a528864093a83f44db9d2373142f2f700b69cf28f951b
checkpoints,results/track_a_exploratory/20260923-032036_S_train11-14/models/teacherC_transformer.pt,14007281,f343994d9878d8a61e9378b41b3ac2b0ac61fb4e832eb1452d0ced770e44b4e6
checkpoints,results/track_a_exploratory/20260923-051258_S_train11-14/models/student_kdF_s0.pt,418253,5bc457faea138bf81f8c283fffa56f0ecfd7510d7e098f3dc272ca4bc7876f0c
checkpoints,results/track_a_exploratory/20260923-051258_S_train11-14/models/student_kdF_s1.pt,418253,8dc8f89f0cc31ed0aec532a8b3b3825b71d8e16e749631475eab3b2285b2b929
checkpoints,results/track_a_exploratory/20260923-051258_S_train11-14/models/student_kdF_s2.pt,418253,96ecd58bfe7dcc00fe34e1a625b84c6c651b4f19d6226eefbeec9a53e5209f59
checkpoints,results/pilot/20260916-122627_S_train11-14/models/student_direct.pt,418253,9b839bdceee3a3b832eb5589a1762cf1f6bd11def8b37d14bc9b7e2bf8c0e35b
checkpoints,results/pilot/20260916-122627_S_train11-14/models/teacher_0.pt,9100760,b77aa39d4cacf9b4b5216c18c061164116329b20555da245e427b93dd78e7ae6
checkpoints,results/pilot/20260916-122627_S_train11-14/models/teacher_1.pt,9100760,438b12e014ce2bcbf8479669cc6aa697893bdcba4062e73103869075933fe0ca
checkpoints,results/pilot/20260916-122627_S_train11-14/models/teacher_2.pt,9100760,c1d3d6d299b6ddd02317cd22d3cd66ea4c98444217a208cf107b5010c4f028c8
checkpoints,results/pilot/20260916-122627_S_train11-14/models/teacher_3.pt,9100760,ccbb23081c0aa77c071e362aac4ad38d78b9b09674ee95360461afa81d0e28f3
checkpoints,results/pilot/20260916-122627_S_train11-14/models/teacher_4.pt,9100760,d50ee73ae8397a159932b74eb35090d09fb75ec4694980dbacf25b68d704eaa5
